,Experiment_ID,Algorithm,N,R,range_flag,type,seed,kproj,w,M,probes,Average AF,Recall@N,QPS,tApproximateAverage,tTrueAverage
0,1,hypercube,1,2000.0,false,protein,1,4,3.0,10,2,2.39984,0.0,188976.0,5.29167,0.00479829
1,2,hypercube,1,2000.0,false,protein,1,4,3.0,10,4,2.39984,0.0,148148.0,6.75,0.00558592
2,3,hypercube,1,2000.0,false,protein,1,4,3.0,10,6,2.39984,0.0,230769.0,4.33333,0.00499447
3,4,hypercube,1,2000.0,false,protein,1,4,3.0,10,8,2.39984,0.0,214286.0,4.66667,0.00497887
4,5,hypercube,1,2000.0,false,protein,1,4,3.0,10,10,2.39984,0.0,189573.0,5.275,0.00530728
5,6,hypercube,1,2000.0,false,protein,1,4,3.0,10,12,2.39984,0.0,141343.0,7.075,0.00585096
6,7,hypercube,1,2000.0,false,protein,1,4,3.0,10,14,2.39984,0.0,163043.0,6.13333,0.00568751
7,8,hypercube,1,2000.0,false,protein,1,4,3.0,10,16,2.39984,0.0,191388.0,5.225,0.00511683
8,9,hypercube,1,2000.0,false,protein,1,4,3.0,10,18,2.39984,0.0,186335.0,5.36667,0.00497067
9,10,hypercube,1,2000.0,false,protein,1,4,3.0,100,2,1.91494,0.0,41465.1,2.41167,0.00505572
10,11,hypercube,1,2000.0,false,protein,1,4,3.0,100,4,1.91494,0.0,33342.6,2.99917,0.00616245
11,12,hypercube,1,2000.0,false,protein,1,4,3.0,100,6,1.91494,0.0,33416.9,2.9925,0.00585293
12,13,hypercube,1,2000.0,false,protein,1,4,3.0,100,8,1.91494,0.0,38535.6,2.595,0.0053
13,14,hypercube,1,2000.0,false,protein,1,4,3.0,100,10,1.91494,0.0,36900.4,2.71,0.00524526
14,15,hypercube,1,2000.0,false,protein,1,4,3.0,100,12,1.91494,0.0,33491.5,2.98583,0.00514163
15,16,hypercube,1,2000.0,false,protein,1,4,3.0,100,14,1.91494,0.0,38071.1,2.62667,0.00525574
16,17,hypercube,1,2000.0,false,protein,1,4,3.0,100,16,1.91494,0.0,38999.0,2.56417,0.00493224
17,18,hypercube,1,2000.0,false,protein,1,4,3.0,100,18,1.91494,0.0,35346.1,2.82917,0.00513033
18,19,hypercube,1,2000.0,false,protein,1,4,3.0,1000,2,1.37745,0.0833333,4193.17,0.000238483,0.00507932
19,20,hypercube,1,2000.0,false,protein,1,4,3.0,1000,4,1.37745,0.0833333,4286.33,0.0002333,0.00498344
20,21,hypercube,1,2000.0,false,protein,1,4,3.0,1000,6,1.37745,0.0833333,4522.33,0.000221125,0.00490737
21,22,hypercube,1,2000.0,false,protein,1,4,3.0,1000,8,1.37745,0.0833333,4043.26,0.000247325,0.00505454
22,23,hypercube,1,2000.0,false,protein,1,4,3.0,1000,10,1.37745,0.0833333,4296.46,0.00023275,0.00501142
23,24,hypercube,1,2000.0,false,protein,1,4,3.0,1000,12,1.37745,0.0833333,4358.88,0.000229417,0.00497134
24,25,hypercube,1,2000.0,false,protein,1,4,3.0,1000,14,1.37745,0.0833333,4372.7,0.000228692,0.00500257
25,26,hypercube,1,2000.0,false,protein,1,4,3.0,1000,16,1.37745,0.0833333,4182.93,0.000239067,0.00509632
26,27,hypercube,1,2000.0,false,protein,1,4,3.0,1000,18,1.37745,0.0833333,4222.53,0.000236825,0.00491372
27,28,hypercube,1,2000.0,false,protein,1,4,3.0,10000,2,1.06374,0.166667,407.74,0.00245254,0.00491199
28,29,hypercube,1,2000.0,false,protein,1,4,3.0,10000,4,1.06374,0.166667,402.477,0.00248462,0.00489147
29,30,hypercube,1,2000.0,false,protein,1,4,3.0,10000,6,1.06374,0.166667,406.594,0.00245946,0.00509483
30,31,hypercube,1,2000.0,false,protein,1,4,3.0,10000,8,1.06374,0.166667,413.052,0.002421,0.00493577
31,32,hypercube,1,2000.0,false,protein,1,4,3.0,10000,10,1.06374,0.166667,406.704,0.00245879,0.00493971
32,33,hypercube,1,2000.0,false,protein,1,4,3.0,10000,12,1.06374,0.166667,405.681,0.00246499,0.0049064
33,34,hypercube,1,2000.0,false,protein,1,4,3.0,10000,14,1.06374,0.166667,398.245,0.00251102,0.00500743
34,35,hypercube,1,2000.0,false,protein,1,4,3.0,10000,16,1.06374,0.166667,406.782,0.00245832,0.00489778
35,36,hypercube,1,2000.0,false,protein,1,4,3.0,10000,18,1.06374,0.166667,398.715,0.00250806,0.00490332
36,37,hypercube,1,2000.0,false,protein,1,4,4.0,10,2,2.2518,0.0,260870.0,3.83333,0.00490958
37,38,hypercube,1,2000.0,false,protein,1,4,4.0,10,4,2.2518,0.0,246914.0,4.05,0.00502893
38,39,hypercube,1,2000.0,false,protein,1,4,4.0,10,6,2.2518,0.0,233010.0,4.29167,0.00497153
39,40,hypercube,1,2000.0,false,protein,1,4,4.0,10,8,2.2518,0.0,225564.0,4.43333,0.00490243
40,41,hypercube,1,2000.0,false,protein,1,4,4.0,10,10,2.2518,0.0,199336.0,5.01667,0.00513926
41,42,hypercube,1,2000.0,false,protein,1,4,4.0,10,12,2.2518,0.0,237154.0,4.21667,0.00486065
42,43,hypercube,1,2000.0,false,protein,1,4,4.0,10,14,2.2518,0.0,200669.0,4.98333,0.00492207
43,44,hypercube,1,2000.0,false,protein,1,4,4.0,10,16,2.2518,0.0,213904.0,4.675,0.00490259
44,45,hypercube,1,2000.0,false,protein,1,4,4.0,10,18,2.2518,0.0,202020.0,4.95,0.00488568
45,46,hypercube,1,2000.0,false,protein,1,4,4.0,100,2,2.01837,0.0,44676.1,2.23833,0.00489898
46,47,hypercube,1,2000.0,false,protein,1,4,4.0,100,4,2.01837,0.0,40969.6,2.44083,0.00504229
47,48,hypercube,1,2000.0,false,protein,1,4,4.0,100,6,2.01837,0.0,43684.0,2.28917,0.00487583
48,49,hypercube,1,2000.0,false,protein,1,4,4.0,100,8,2.01837,0.0,41899.4,2.38667,0.00492469
49,50,hypercube,1,2000.0,false,protein,1,4,4.0,100,10,2.01837,0.0,38400.0,2.60417,0.00489677
50,51,hypercube,1,2000.0,false,protein,1,4,4.0,100,12,2.01837,0.0,41987.4,2.38167,0.00501182
51,52,hypercube,1,2000.0,false,protein,1,4,4.0,100,14,2.01837,0.0,44020.5,2.27167,0.00477882
52,53,hypercube,1,2000.0,false,protein,1,4,4.0,100,16,2.01837,0.0,41293.9,2.42167,0.00488299
53,54,hypercube,1,2000.0,false,protein,1,4,4.0,100,18,2.01837,0.0,43494.0,2.29917,0.00491395
54,55,hypercube,1,2000.0,false,protein,1,4,4.0,1000,2,1.40647,0.0,3777.03,0.000264758,0.00509387
55,56,hypercube,1,2000.0,false,protein,1,4,4.0,1000,4,1.40647,0.0,4221.49,0.000236883,0.00501687
56,57,hypercube,1,2000.0,false,protein,1,4,4.0,1000,6,1.40647,0.0,4110.01,0.000243308,0.00501715
57,58,hypercube,1,2000.0,false,protein,1,4,4.0,1000,8,1.40647,0.0,4278.53,0.000233725,0.00511592
58,59,hypercube,1,2000.0,false,protein,1,4,4.0,1000,10,1.40647,0.0,4274.11,0.000233967,0.00493637
59,60,hypercube,1,2000.0,false,protein,1,4,4.0,1000,12,1.40647,0.0,4313.91,0.000231808,0.00496283
60,61,hypercube,1,2000.0,false,protein,1,4,4.0,1000,14,1.40647,0.0,4272.74,0.000234042,0.00503992
61,62,hypercube,1,2000.0,false,protein,1,4,4.0,1000,16,1.40647,0.0,4304.32,0.000232325,0.00500244
62,63,hypercube,1,2000.0,false,protein,1,4,4.0,1000,18,1.40647,0.0,4182.93,0.000239067,0.00495992
63,64,hypercube,1,2000.0,false,protein,1,4,4.0,10000,2,1.05217,0.333333,413.75,0.00241692,0.00512802
64,65,hypercube,1,2000.0,false,protein,1,4,4.0,10000,4,1.05217,0.333333,406.736,0.0024586,0.00504085
65,66,hypercube,1,2000.0,false,protein,1,4,4.0,10000,6,1.05217,0.333333,432.101,0.00231428,0.00487773
66,67,hypercube,1,2000.0,false,protein,1,4,4.0,10000,8,1.05217,0.333333,425.718,0.00234897,0.00498616
67,68,hypercube,1,2000.0,false,protein,1,4,4.0,10000,10,1.05217,0.333333,413.859,0.00241628,0.00495117
68,69,hypercube,1,2000.0,false,protein,1,4,4.0,10000,12,1.05217,0.333333,432.485,0.00231222,0.00490627
69,70,hypercube,1,2000.0,false,protein,1,4,4.0,10000,14,1.05217,0.333333,413.062,0.00242094,0.00489691
70,71,hypercube,1,2000.0,false,protein,1,4,4.0,10000,16,1.05217,0.333333,412.346,0.00242515,0.00491423
71,72,hypercube,1,2000.0,false,protein,1,4,4.0,10000,18,1.05217,0.333333,422.008,0.00236963,0.00486281
72,73,hypercube,1,2000.0,false,protein,1,4,5.0,10,2,2.22677,0.0,243408.0,4.10833,0.00491166
73,74,hypercube,1,2000.0,false,protein,1,4,5.0,10,4,2.22677,0.0,224299.0,4.45833,0.00524827
74,75,hypercube,1,2000.0,false,protein,1,4,5.0,10,6,2.22677,0.0,179372.0,5.575,0.00537245
75,76,hypercube,1,2000.0,false,protein,1,4,5.0,10,8,2.22677,0.0,216606.0,4.61667,0.00490122
76,77,hypercube,1,2000.0,false,protein,1,4,5.0,10,10,2.22677,0.0,222222.0,4.5,0.00491235
77,78,hypercube,1,2000.0,false,protein,1,4,5.0,10,12,2.22677,0.0,216216.0,4.625,0.00486439
78,79,hypercube,1,2000.0,false,protein,1,4,5.0,10,14,2.22677,0.0,217786.0,4.59167,0.00504142
79,80,hypercube,1,2000.0,false,protein,1,4,5.0,10,16,2.22677,0.0,226415.0,4.41667,0.00490315
80,81,hypercube,1,2000.0,false,protein,1,4,5.0,10,18,2.22677,0.0,216216.0,4.625,0.00494984
81,82,hypercube,1,2000.0,false,protein,1,4,5.0,100,2,1.93127,0.0,43057.1,2.3225,0.00496216
82,83,hypercube,1,2000.0,false,protein,1,4,5.0,100,4,1.93127,0.0,42149.6,2.3725,0.00507305
83,84,hypercube,1,2000.0,false,protein,1,4,5.0,100,6,1.93127,0.0,41739.1,2.39583,0.00485472
84,85,hypercube,1,2000.0,false,protein,1,4,5.0,100,8,1.93127,0.0,40830.2,2.44917,0.00484953
85,86,hypercube,1,2000.0,false,protein,1,4,5.0,100,10,1.93127,0.0,42105.3,2.375,0.00487707
86,87,hypercube,1,2000.0,false,protein,1,4,5.0,100,12,1.93127,0.0,41039.7,2.43667,0.00500266
87,88,hypercube,1,2000.0,false,protein,1,4,5.0,100,14,1.93127,0.0,41180.5,2.42833,0.00487027
88,89,hypercube,1,2000.0,false,protein,1,4,5.0,100,16,1.93127,0.0,39933.4,2.50417,0.00496836
89,90,hypercube,1,2000.0,false,protein,1,4,5.0,100,18,1.93127,0.0,41279.7,2.4225,0.00491727
90,91,hypercube,1,2000.0,false,protein,1,4,5.0,1000,2,1.43382,0.0,4116.92,0.0002429,0.00507714
91,92,hypercube,1,2000.0,false,protein,1,4,5.0,1000,4,1.43382,0.0,4265.3,0.00023445,0.00493655
92,93,hypercube,1,2000.0,false,protein,1,4,5.0,1000,6,1.43382,0.0,4247.34,0.000235442,0.00492013
93,94,hypercube,1,2000.0,false,protein,1,4,5.0,1000,8,1.43382,0.0,4291.85,0.000233,0.00501582
94,95,hypercube,1,2000.0,false,protein,1,4,5.0,1000,10,1.43382,0.0,4089.98,0.0002445,0.00507787
95,96,hypercube,1,2000.0,false,protein,1,4,5.0,1000,12,1.43382,0.0,4118.76,0.000242792,0.00497057
96,97,hypercube,1,2000.0,false,protein,1,4,5.0,1000,14,1.43382,0.0,4221.04,0.000236908,0.0049782
97,98,hypercube,1,2000.0,false,protein,1,4,5.0,1000,16,1.43382,0.0,4137.79,0.000241675,0.00499561
98,99,hypercube,1,2000.0,false,protein,1,4,5.0,1000,18,1.43382,0.0,4005.34,0.000249667,0.00492739
99,100,hypercube,1,2000.0,false,protein,1,4,5.0,10000,2,1.05317,0.25,416.113,0.00240319,0.00496043
100,101,hypercube,1,2000.0,false,protein,1,4,5.0,10000,4,1.05317,0.25,410.048,0.00243874,0.00501287
101,102,hypercube,1,2000.0,false,protein,1,4,5.0,10000,6,1.05317,0.25,409.341,0.00244295,0.00504549
102,103,hypercube,1,2000.0,false,protein,1,4,5.0,10000,8,1.05317,0.25,410.404,0.00243662,0.00487844
103,104,hypercube,1,2000.0,false,protein,1,4,5.0,10000,10,1.05317,0.25,415.232,0.00240829,0.00493157
104,105,hypercube,1,2000.0,false,protein,1,4,5.0,10000,12,1.05317,0.25,414.82,0.00241068,0.00494963
105,106,hypercube,1,2000.0,false,protein,1,4,5.0,10000,14,1.05317,0.25,410.745,0.0024346,0.00490689
106,107,hypercube,1,2000.0,false,protein,1,4,5.0,10000,16,1.05317,0.25,416.764,0.00239944,0.00492928
107,108,hypercube,1,2000.0,false,protein,1,4,5.0,10000,18,1.05317,0.25,369.998,0.00270272,0.00490749
108,109,hypercube,1,2000.0,false,protein,1,4,8.0,10,2,2.34191,0.0,278422.0,3.59167,0.00490472
109,110,hypercube,1,2000.0,false,protein,1,4,8.0,10,4,2.34191,0.0,267857.0,3.73333,0.00496279
110,111,hypercube,1,2000.0,false,protein,1,4,8.0,10,6,2.34191,0.0,191693.0,5.21667,0.0049148
111,112,hypercube,1,2000.0,false,protein,1,4,8.0,10,8,2.34191,0.0,267261.0,3.74167,0.00489718
112,113,hypercube,1,2000.0,false,protein,1,4,8.0,10,10,2.34191,0.0,230326.0,4.34167,0.00496353
113,114,hypercube,1,2000.0,false,protein,1,4,8.0,10,12,2.34191,0.0,236686.0,4.225,0.00494633
114,115,hypercube,1,2000.0,false,protein,1,4,8.0,10,14,2.34191,0.0,153846.0,6.5,0.00491069
115,116,hypercube,1,2000.0,false,protein,1,4,8.0,10,16,2.34191,0.0,229446.0,4.35833,0.00494687
116,117,hypercube,1,2000.0,false,protein,1,4,8.0,10,18,2.34191,0.0,179104.0,5.58333,0.0052449
117,118,hypercube,1,2000.0,false,protein,1,4,8.0,100,2,1.95368,0.0,51791.1,1.93083,0.00510519
118,119,hypercube,1,2000.0,false,protein,1,4,8.0,100,4,1.95368,0.0,53571.4,1.86667,0.00490922
119,120,hypercube,1,2000.0,false,protein,1,4,8.0,100,6,1.95368,0.0,54397.1,1.83833,0.00494638
120,121,hypercube,1,2000.0,false,protein,1,4,8.0,100,8,1.95368,0.0,52980.1,1.8875,0.00488399
121,122,hypercube,1,2000.0,false,protein,1,4,8.0,100,10,1.95368,0.0,44560.0,2.24417,0.00490955
122,123,hypercube,1,2000.0,false,protein,1,4,8.0,100,12,1.95368,0.0,49792.5,2.00833,0.00497997
123,124,hypercube,1,2000.0,false,protein,1,4,8.0,100,14,1.95368,0.0,51612.9,1.9375,0.00490616
124,125,hypercube,1,2000.0,false,protein,1,4,8.0,100,16,1.95368,0.0,50632.9,1.975,0.00496275
125,126,hypercube,1,2000.0,false,protein,1,4,8.0,100,18,1.95368,0.0,46966.7,2.12917,0.00494613
126,127,hypercube,1,2000.0,false,protein,1,4,8.0,1000,2,1.75008,0.0,5593.88,0.000178767,0.0049535
127,128,hypercube,1,2000.0,false,protein,1,4,8.0,1000,4,1.75008,0.0,5797.38,0.000172492,0.00506468
128,129,hypercube,1,2000.0,false,protein,1,4,8.0,1000,6,1.75008,0.0,5919.2,0.000168942,0.00499508
129,130,hypercube,1,2000.0,false,protein,1,4,8.0,1000,8,1.75008,0.0,5819.59,0.000171833,0.00491717
130,131,hypercube,1,2000.0,false,protein,1,4,8.0,1000,10,1.75008,0.0,5811.42,0.000172075,0.00491679
131,132,hypercube,1,2000.0,false,protein,1,4,8.0,1000,12,1.75008,0.0,5836.29,0.000171342,0.00497062
132,133,hypercube,1,2000.0,false,protein,1,4,8.0,1000,14,1.75008,0.0,5854.8,0.0001708,0.00486967
133,134,hypercube,1,2000.0,false,protein,1,4,8.0,1000,16,1.75008,0.0,5820.72,0.0001718,0.00497205
134,135,hypercube,1,2000.0,false,protein,1,4,8.0,1000,18,1.75008,0.0,5850.8,0.000170917,0.00499757
135,136,hypercube,1,2000.0,false,protein,1,4,8.0,10000,2,1.13824,0.0833333,531.084,0.00188294,0.00516313
136,137,hypercube,1,2000.0,false,protein,1,4,8.0,10000,4,1.13824,0.0833333,561.661,0.00178043,0.00505908
137,138,hypercube,1,2000.0,false,protein,1,4,8.0,10000,6,1.13824,0.0833333,533.965,0.00187278,0.00493317
138,139,hypercube,1,2000.0,false,protein,1,4,8.0,10000,8,1.13824,0.0833333,542.287,0.00184404,0.00501351
139,140,hypercube,1,2000.0,false,protein,1,4,8.0,10000,10,1.13824,0.0833333,530.696,0.00188432,0.00493908
140,141,hypercube,1,2000.0,false,protein,1,4,8.0,10000,12,1.13824,0.0833333,546.543,0.00182968,0.00502077
141,142,hypercube,1,2000.0,false,protein,1,4,8.0,10000,14,1.13824,0.0833333,552.934,0.00180853,0.00501561
142,143,hypercube,1,2000.0,false,protein,1,4,8.0,10000,16,1.13824,0.0833333,545.924,0.00183176,0.00497249
143,144,hypercube,1,2000.0,false,protein,1,4,8.0,10000,18,1.13824,0.0833333,541.626,0.00184629,0.00502256
144,145,hypercube,1,2000.0,false,protein,1,4,10.0,10,2,2.30715,0.0,280374.0,3.56667,0.00491699
145,146,hypercube,1,2000.0,false,protein,1,4,10.0,10,4,2.30715,0.0,275862.0,3.625,0.00496137
146,147,hypercube,1,2000.0,false,protein,1,4,10.0,10,6,2.30715,0.0,263736.0,3.79167,0.00506455
147,148,hypercube,1,2000.0,false,protein,1,4,10.0,10,8,2.30715,0.0,236220.0,4.23333,0.00492095
148,149,hypercube,1,2000.0,false,protein,1,4,10.0,10,10,2.30715,0.0,248447.0,4.025,0.00494766
149,150,hypercube,1,2000.0,false,protein,1,4,10.0,10,12,2.30715,0.0,178306.0,5.60833,0.00494398
150,151,hypercube,1,2000.0,false,protein,1,4,10.0,10,14,2.30715,0.0,245399.0,4.075,0.00490279
151,152,hypercube,1,2000.0,false,protein,1,4,10.0,10,16,2.30715,0.0,235294.0,4.25,0.00504026
152,153,hypercube,1,2000.0,false,protein,1,4,10.0,10,18,2.30715,0.0,229446.0,4.35833,0.00493548
153,154,hypercube,1,2000.0,false,protein,1,4,10.0,100,2,1.93836,0.0,56497.2,1.77,0.00501767
154,155,hypercube,1,2000.0,false,protein,1,4,10.0,100,4,1.93836,0.0,59553.3,1.67917,0.00490952
155,156,hypercube,1,2000.0,false,protein,1,4,10.0,100,6,1.93836,0.0,51304.0,1.94917,0.00495661
156,157,hypercube,1,2000.0,false,protein,1,4,10.0,100,8,1.93836,0.0,50209.2,1.99167,0.00547472
157,158,hypercube,1,2000.0,false,protein,1,4,10.0,100,10,1.93836,0.0,58622.4,1.70583,0.00496809
158,159,hypercube,1,2000.0,false,protein,1,4,10.0,100,12,1.93836,0.0,59347.2,1.685,0.0048312
159,160,hypercube,1,2000.0,false,protein,1,4,10.0,100,14,1.93836,0.0,57915.1,1.72667,0.00484718
160,161,hypercube,1,2000.0,false,protein,1,4,10.0,100,16,1.93836,0.0,55504.2,1.80167,0.00493163
161,162,hypercube,1,2000.0,false,protein,1,4,10.0,100,18,1.93836,0.0,57142.9,1.75,0.00494273
162,163,hypercube,1,2000.0,false,protein,1,4,10.0,1000,2,1.73452,0.0,5294.04,0.000188892,0.00490904
163,164,hypercube,1,2000.0,false,protein,1,4,10.0,1000,4,1.73452,0.0,6385.36,0.000156608,0.00496455
164,165,hypercube,1,2000.0,false,protein,1,4,10.0,1000,6,1.73452,0.0,6353.91,0.000157383,0.0049603
165,166,hypercube,1,2000.0,false,protein,1,4,10.0,1000,8,1.73452,0.0,5930.9,0.000168608,0.00497216
166,167,hypercube,1,2000.0,false,protein,1,4,10.0,1000,10,1.73452,0.0,5881.2,0.000170033,0.00505647
167,168,hypercube,1,2000.0,false,protein,1,4,10.0,1000,12,1.73452,0.0,6212.14,0.000160975,0.00502469
168,169,hypercube,1,2000.0,false,protein,1,4,10.0,1000,14,1.73452,0.0,5955.93,0.0001679,0.00494951
169,170,hypercube,1,2000.0,false,protein,1,4,10.0,1000,16,1.73452,0.0,6235.71,0.000160367,0.00498162
170,171,hypercube,1,2000.0,false,protein,1,4,10.0,1000,18,1.73452,0.0,6103.76,0.000163833,0.00507418
171,172,hypercube,1,2000.0,false,protein,1,4,10.0,10000,2,1.12508,0.0833333,554.29,0.00180411,0.00503307
172,173,hypercube,1,2000.0,false,protein,1,4,10.0,10000,4,1.12508,0.0833333,553.179,0.00180773,0.0051113
173,174,hypercube,1,2000.0,false,protein,1,4,10.0,10000,6,1.12508,0.0833333,565.161,0.00176941,0.00513351
174,175,hypercube,1,2000.0,false,protein,1,4,10.0,10000,8,1.12508,0.0833333,554.288,0.00180412,0.00508762
175,176,hypercube,1,2000.0,false,protein,1,4,10.0,10000,10,1.12508,0.0833333,560.133,0.00178529,0.00497652
176,177,hypercube,1,2000.0,false,protein,1,4,10.0,10000,12,1.12508,0.0833333,572.598,0.00174642,0.00494407
177,178,hypercube,1,2000.0,false,protein,1,4,10.0,10000,14,1.12508,0.0833333,571.889,0.00174859,0.00496701
178,179,hypercube,1,2000.0,false,protein,1,4,10.0,10000,16,1.12508,0.0833333,560.112,0.00178536,0.00493458
179,180,hypercube,1,2000.0,false,protein,1,4,10.0,10000,18,1.12508,0.0833333,567.921,0.00176081,0.00498667
180,181,hypercube,1,2000.0,false,protein,1,4,12.0,10,2,2.30715,0.0,287081.0,3.48333,0.0050313
181,182,hypercube,1,2000.0,false,protein,1,4,12.0,10,4,2.30715,0.0,233463.0,4.28333,0.00544327
182,183,hypercube,1,2000.0,false,protein,1,4,12.0,10,6,2.30715,0.0,282353.0,3.54167,0.00496422
183,184,hypercube,1,2000.0,false,protein,1,4,12.0,10,8,2.30715,0.0,247934.0,4.03333,0.0049312
184,185,hypercube,1,2000.0,false,protein,1,4,12.0,10,10,2.30715,0.0,171920.0,5.81667,0.00503969
185,186,hypercube,1,2000.0,false,protein,1,4,12.0,10,12,2.30715,0.0,240000.0,4.16667,0.00494758
186,187,hypercube,1,2000.0,false,protein,1,4,12.0,10,14,2.30715,0.0,242915.0,4.11667,0.00501027
187,188,hypercube,1,2000.0,false,protein,1,4,12.0,10,16,2.30715,0.0,238095.0,4.2,0.00504974
188,189,hypercube,1,2000.0,false,protein,1,4,12.0,10,18,2.30715,0.0,220994.0,4.525,0.00509677
189,190,hypercube,1,2000.0,false,protein,1,4,12.0,100,2,2.0239,0.0,57443.8,1.74083,0.00503616
190,191,hypercube,1,2000.0,false,protein,1,4,12.0,100,4,2.0239,0.0,60030.0,1.66583,0.00494938
191,192,hypercube,1,2000.0,false,protein,1,4,12.0,100,6,2.0239,0.0,57859.2,1.72833,0.00496907
192,193,hypercube,1,2000.0,false,protein,1,4,12.0,100,8,2.0239,0.0,59026.1,1.69417,0.00492858
193,194,hypercube,1,2000.0,false,protein,1,4,12.0,100,10,2.0239,0.0,56364.5,1.77417,0.00496532
194,195,hypercube,1,2000.0,false,protein,1,4,12.0,100,12,2.0239,0.0,58881.3,1.69833,0.00493756
195,196,hypercube,1,2000.0,false,protein,1,4,12.0,100,14,2.0239,0.0,54029.7,1.85083,0.00494812
196,197,hypercube,1,2000.0,false,protein,1,4,12.0,100,16,2.0239,0.0,56311.6,1.77583,0.00490632
197,198,hypercube,1,2000.0,false,protein,1,4,12.0,100,18,2.0239,0.0,53404.5,1.8725,0.00490127
198,199,hypercube,1,2000.0,false,protein,1,4,12.0,1000,2,1.73697,0.0,5589.98,0.000178892,0.00493672
199,200,hypercube,1,2000.0,false,protein,1,4,12.0,1000,4,1.73697,0.0,5710.21,0.000175125,0.00498706
200,201,hypercube,1,2000.0,false,protein,1,4,12.0,1000,6,1.73697,0.0,5879.76,0.000170075,0.00503089
201,202,hypercube,1,2000.0,false,protein,1,4,12.0,1000,8,1.73697,0.0,6101.9,0.000163883,0.00493858
202,203,hypercube,1,2000.0,false,protein,1,4,12.0,1000,10,1.73697,0.0,6117.14,0.000163475,0.00491944
203,204,hypercube,1,2000.0,false,protein,1,4,12.0,1000,12,1.73697,0.0,5177.55,0.000193142,0.00494827
204,205,hypercube,1,2000.0,false,protein,1,4,12.0,1000,14,1.73697,0.0,5161.07,0.000193758,0.00494725
205,206,hypercube,1,2000.0,false,protein,1,4,12.0,1000,16,1.73697,0.0,5211.05,0.0001919,0.00489906
206,207,hypercube,1,2000.0,false,protein,1,4,12.0,1000,18,1.73697,0.0,5913.37,0.000169108,0.0050313
207,208,hypercube,1,2000.0,false,protein,1,4,12.0,10000,2,1.14841,0.0833333,553.261,0.00180747,0.00502522
208,209,hypercube,1,2000.0,false,protein,1,4,12.0,10000,4,1.14841,0.0833333,576.402,0.0017349,0.00494898
209,210,hypercube,1,2000.0,false,protein,1,4,12.0,10000,6,1.14841,0.0833333,589.021,0.00169773,0.00501636
210,211,hypercube,1,2000.0,false,protein,1,4,12.0,10000,8,1.14841,0.0833333,572.549,0.00174658,0.00503113
211,212,hypercube,1,2000.0,false,protein,1,4,12.0,10000,10,1.14841,0.0833333,563.021,0.00177613,0.00502012
212,213,hypercube,1,2000.0,false,protein,1,4,12.0,10000,12,1.14841,0.0833333,596.748,0.00167575,0.00502989
213,214,hypercube,1,2000.0,false,protein,1,4,12.0,10000,14,1.14841,0.0833333,582.411,0.001717,0.00502237
214,215,hypercube,1,2000.0,false,protein,1,4,12.0,10000,16,1.14841,0.0833333,586.86,0.00170398,0.00497567
215,216,hypercube,1,2000.0,false,protein,1,4,12.0,10000,18,1.14841,0.0833333,589.86,0.00169532,0.0049677
216,217,hypercube,1,2000.0,false,protein,1,4,15.0,10,2,2.30715,0.0,297030.0,3.36667,0.00490187
217,218,hypercube,1,2000.0,false,protein,1,4,15.0,10,4,2.30715,0.0,253165.0,3.95,0.00502783
218,219,hypercube,1,2000.0,false,protein,1,4,15.0,10,6,2.30715,0.0,241449.0,4.14167,0.0051118
219,220,hypercube,1,2000.0,false,protein,1,4,15.0,10,8,2.30715,0.0,217391.0,4.6,0.00493865
220,221,hypercube,1,2000.0,false,protein,1,4,15.0,10,10,2.30715,0.0,264901.0,3.775,0.00502686
221,222,hypercube,1,2000.0,false,protein,1,4,15.0,10,12,2.30715,0.0,263158.0,3.8,0.00495313
222,223,hypercube,1,2000.0,false,protein,1,4,15.0,10,14,2.30715,0.0,229885.0,4.35,0.00500783
223,224,hypercube,1,2000.0,false,protein,1,4,15.0,10,16,2.30715,0.0,252101.0,3.96667,0.00496612
224,225,hypercube,1,2000.0,false,protein,1,4,15.0,10,18,2.30715,0.0,223464.0,4.475,0.00500078
225,226,hypercube,1,2000.0,false,protein,1,4,15.0,100,2,2.0239,0.0,59288.5,1.68667,0.00528465
226,227,hypercube,1,2000.0,false,protein,1,4,15.0,100,4,2.0239,0.0,56127.2,1.78167,0.00498331
227,228,hypercube,1,2000.0,false,protein,1,4,15.0,100,6,2.0239,0.0,56232.4,1.77833,0.00502019
228,229,hypercube,1,2000.0,false,protein,1,4,15.0,100,8,2.0239,0.0,55401.7,1.805,0.00498155
229,230,hypercube,1,2000.0,false,protein,1,4,15.0,100,10,2.0239,0.0,55762.1,1.79333,0.00494154
230,231,hypercube,1,2000.0,false,protein,1,4,15.0,100,12,2.0239,0.0,48504.4,2.06167,0.00499168
231,232,hypercube,1,2000.0,false,protein,1,4,15.0,100,14,2.0239,0.0,52060.7,1.92083,0.00495462
232,233,hypercube,1,2000.0,false,protein,1,4,15.0,100,16,2.0239,0.0,55401.7,1.805,0.00500868
233,234,hypercube,1,2000.0,false,protein,1,4,15.0,100,18,2.0239,0.0,54078.4,1.84917,0.00496191
234,235,hypercube,1,2000.0,false,protein,1,4,15.0,1000,2,1.73697,0.0,5980.27,0.000167217,0.00505717
235,236,hypercube,1,2000.0,false,protein,1,4,15.0,1000,4,1.73697,0.0,6238.63,0.000160292,0.00504833
236,237,hypercube,1,2000.0,false,protein,1,4,15.0,1000,6,1.73697,0.0,6220.84,0.00016075,0.00507176
237,238,hypercube,1,2000.0,false,protein,1,4,15.0,1000,8,1.73697,0.0,5303.16,0.000188567,0.00495411
238,239,hypercube,1,2000.0,false,protein,1,4,15.0,1000,10,1.73697,0.0,5633.27,0.000177517,0.00500795
239,240,hypercube,1,2000.0,false,protein,1,4,15.0,1000,12,1.73697,0.0,5973.72,0.0001674,0.00503772
240,241,hypercube,1,2000.0,false,protein,1,4,15.0,1000,14,1.73697,0.0,6191.95,0.0001615,0.0049376
241,242,hypercube,1,2000.0,false,protein,1,4,15.0,1000,16,1.73697,0.0,5597.54,0.00017865,0.00507522
242,243,hypercube,1,2000.0,false,protein,1,4,15.0,1000,18,1.73697,0.0,6071.95,0.000164692,0.00514178
243,244,hypercube,1,2000.0,false,protein,1,4,15.0,10000,2,1.14841,0.0833333,566.808,0.00176427,0.00499435
244,245,hypercube,1,2000.0,false,protein,1,4,15.0,10000,4,1.14841,0.0833333,574.611,0.00174031,0.00502137
245,246,hypercube,1,2000.0,false,protein,1,4,15.0,10000,6,1.14841,0.0833333,580.324,0.00172317,0.00501673
246,247,hypercube,1,2000.0,false,protein,1,4,15.0,10000,8,1.14841,0.0833333,562.045,0.00177922,0.00503578
247,248,hypercube,1,2000.0,false,protein,1,4,15.0,10000,10,1.14841,0.0833333,568.753,0.00175823,0.00501366
248,249,hypercube,1,2000.0,false,protein,1,4,15.0,10000,12,1.14841,0.0833333,558.373,0.00179092,0.00496343
249,250,hypercube,1,2000.0,false,protein,1,4,15.0,10000,14,1.14841,0.0833333,567.983,0.00176062,0.00508903
250,251,hypercube,1,2000.0,false,protein,1,4,15.0,10000,16,1.14841,0.0833333,573.167,0.00174469,0.0050378
251,252,hypercube,1,2000.0,false,protein,1,4,15.0,10000,18,1.14841,0.0833333,594.902,0.00168095,0.00498395
252,253,hypercube,1,2000.0,false,protein,1,4,20.0,10,2,2.30715,0.0,279720.0,3.575,0.00508877
253,254,hypercube,1,2000.0,false,protein,1,4,20.0,10,4,2.30715,0.0,231214.0,4.325,0.00553496
254,255,hypercube,1,2000.0,false,protein,1,4,20.0,10,6,2.30715,0.0,260304.0,3.84167,0.00496564
255,256,hypercube,1,2000.0,false,protein,1,4,20.0,10,8,2.30715,0.0,236220.0,4.23333,0.00502383
256,257,hypercube,1,2000.0,false,protein,1,4,20.0,10,10,2.30715,0.0,242915.0,4.11667,0.0051808
257,258,hypercube,1,2000.0,false,protein,1,4,20.0,10,12,2.30715,0.0,203735.0,4.90833,0.0049556
258,259,hypercube,1,2000.0,false,protein,1,4,20.0,10,14,2.30715,0.0,219378.0,4.55833,0.0050475
259,260,hypercube,1,2000.0,false,protein,1,4,20.0,10,16,2.30715,0.0,239521.0,4.175,0.00503282
260,261,hypercube,1,2000.0,false,protein,1,4,20.0,10,18,2.30715,0.0,205832.0,4.85833,0.00515907
261,262,hypercube,1,2000.0,false,protein,1,4,20.0,100,2,2.0239,0.0,59523.8,1.68,0.00504561
262,263,hypercube,1,2000.0,false,protein,1,4,20.0,100,4,2.0239,0.0,58708.4,1.70333,0.00501893
263,264,hypercube,1,2000.0,false,protein,1,4,20.0,100,6,2.0239,0.0,60544.9,1.65167,0.00500989
264,265,hypercube,1,2000.0,false,protein,1,4,20.0,100,8,2.0239,0.0,57498.8,1.73917,0.00513897
265,266,hypercube,1,2000.0,false,protein,1,4,20.0,100,10,2.0239,0.0,57388.8,1.7425,0.00502241
266,267,hypercube,1,2000.0,false,protein,1,4,20.0,100,12,2.0239,0.0,56258.8,1.7775,0.00498653
267,268,hypercube,1,2000.0,false,protein,1,4,20.0,100,14,2.0239,0.0,56101.0,1.7825,0.00501697
268,269,hypercube,1,2000.0,false,protein,1,4,20.0,100,16,2.0239,0.0,54619.9,1.83083,0.00502585
269,270,hypercube,1,2000.0,false,protein,1,4,20.0,100,18,2.0239,0.0,57142.9,1.75,0.00492655
270,271,hypercube,1,2000.0,false,protein,1,4,20.0,1000,2,1.73697,0.0,6286.01,0.000159083,0.00502975
271,272,hypercube,1,2000.0,false,protein,1,4,20.0,1000,4,1.73697,0.0,6353.58,0.000157392,0.00506447
272,273,hypercube,1,2000.0,false,protein,1,4,20.0,1000,6,1.73697,0.0,5702.07,0.000175375,0.00508753
273,274,hypercube,1,2000.0,false,protein,1,4,20.0,1000,8,1.73697,0.0,6255.21,0.000159867,0.00506853
274,275,hypercube,1,2000.0,false,protein,1,4,20.0,1000,10,1.73697,0.0,5476.45,0.0001826,0.00504927
275,276,hypercube,1,2000.0,false,protein,1,4,20.0,1000,12,1.73697,0.0,6009.62,0.0001664,0.00513498
276,277,hypercube,1,2000.0,false,protein,1,4,20.0,1000,14,1.73697,0.0,5680.74,0.000176033,0.00514552
277,278,hypercube,1,2000.0,false,protein,1,4,20.0,1000,16,1.73697,0.0,6310.81,0.000158458,0.00508412
278,279,hypercube,1,2000.0,false,protein,1,4,20.0,1000,18,1.73697,0.0,6121.2,0.000163367,0.00506363
279,280,hypercube,1,2000.0,false,protein,1,4,20.0,10000,2,1.14841,0.0833333,581.674,0.00171918,0.00522603
280,281,hypercube,1,2000.0,false,protein,1,4,20.0,10000,4,1.14841,0.0833333,566.709,0.00176458,0.00502042
281,282,hypercube,1,2000.0,false,protein,1,4,20.0,10000,6,1.14841,0.0833333,578.824,0.00172764,0.00506493
282,283,hypercube,1,2000.0,false,protein,1,4,20.0,10000,8,1.14841,0.0833333,574.603,0.00174033,0.00516328
283,284,hypercube,1,2000.0,false,protein,1,4,20.0,10000,10,1.14841,0.0833333,561.753,0.00178014,0.00506275
284,285,hypercube,1,2000.0,false,protein,1,4,20.0,10000,12,1.14841,0.0833333,563.756,0.00177382,0.0050816
285,286,hypercube,1,2000.0,false,protein,1,4,20.0,10000,14,1.14841,0.0833333,568.462,0.00175913,0.00510031
286,287,hypercube,1,2000.0,false,protein,1,4,20.0,10000,16,1.14841,0.0833333,572.516,0.00174668,0.00509533
287,288,hypercube,1,2000.0,false,protein,1,4,20.0,10000,18,1.14841,0.0833333,568.78,0.00175815,0.00498001
288,289,hypercube,1,2000.0,false,protein,1,8,3.0,10,2,2.20162,0.0,136830.0,7.30833,0.00511766
289,290,hypercube,1,2000.0,false,protein,1,8,3.0,10,4,2.20162,0.0,75188.0,1.33,0.0051735
290,291,hypercube,1,2000.0,false,protein,1,8,3.0,10,6,2.20162,0.0,54347.8,1.84,0.0051837
291,292,hypercube,1,2000.0,false,protein,1,8,3.0,10,8,2.20162,0.0,53763.4,1.86,0.00506157
292,293,hypercube,1,2000.0,false,protein,1,8,3.0,10,10,2.20162,0.0,54298.6,1.84167,0.00506505
293,294,hypercube,1,2000.0,false,protein,1,8,3.0,10,12,2.20162,0.0,51413.9,1.945,0.00507299
294,295,hypercube,1,2000.0,false,protein,1,8,3.0,10,14,2.20162,0.0,50335.6,1.98667,0.00505641
295,296,hypercube,1,2000.0,false,protein,1,8,3.0,10,16,2.20162,0.0,46475.6,2.15167,0.00511473
296,297,hypercube,1,2000.0,false,protein,1,8,3.0,10,18,2.20162,0.0,49627.8,2.015,0.00508817
297,298,hypercube,1,2000.0,false,protein,1,8,3.0,100,2,1.8136,0.0,23130.3,4.32333,0.00505822
298,299,hypercube,1,2000.0,false,protein,1,8,3.0,100,4,1.8136,0.0,17727.9,5.64083,0.00516123
299,300,hypercube,1,2000.0,false,protein,1,8,3.0,100,6,1.8136,0.0,18413.4,5.43083,0.00504637
300,301,hypercube,1,2000.0,false,protein,1,8,3.0,100,8,1.8136,0.0,18680.0,5.35333,0.0050415
301,302,hypercube,1,2000.0,false,protein,1,8,3.0,100,10,1.8136,0.0,17830.6,5.60833,0.00505988
302,303,hypercube,1,2000.0,false,protein,1,8,3.0,100,12,1.8136,0.0,18441.7,5.4225,0.00508638
303,304,hypercube,1,2000.0,false,protein,1,8,3.0,100,14,1.8136,0.0,18072.3,5.53333,0.00504233
304,305,hypercube,1,2000.0,false,protein,1,8,3.0,100,16,1.8136,0.0,18066.8,5.535,0.00504614
305,306,hypercube,1,2000.0,false,protein,1,8,3.0,100,18,1.8136,0.0,17862.5,5.59833,0.00505046
306,307,hypercube,1,2000.0,false,protein,1,8,3.0,1000,2,1.19234,0.166667,2934.27,0.0003408,0.00504619
307,308,hypercube,1,2000.0,false,protein,1,8,3.0,1000,4,1.19234,0.166667,2876.32,0.000347667,0.00503238
308,309,hypercube,1,2000.0,false,protein,1,8,3.0,1000,6,1.19234,0.166667,2593.59,0.000385567,0.00506552
309,310,hypercube,1,2000.0,false,protein,1,8,3.0,1000,8,1.19234,0.166667,2729.07,0.000366425,0.00503659
310,311,hypercube,1,2000.0,false,protein,1,8,3.0,1000,10,1.19234,0.166667,2686.43,0.000372242,0.00505478
311,312,hypercube,1,2000.0,false,protein,1,8,3.0,1000,12,1.19234,0.166667,2652.29,0.000377033,0.00504714
312,313,hypercube,1,2000.0,false,protein,1,8,3.0,1000,14,1.19234,0.166667,2710.7,0.000368908,0.00505696
313,314,hypercube,1,2000.0,false,protein,1,8,3.0,1000,16,1.19234,0.166667,2705.44,0.000369625,0.00508053
314,315,hypercube,1,2000.0,false,protein,1,8,3.0,1000,18,1.19234,0.166667,2700.88,0.00037025,0.00502639
315,316,hypercube,1,2000.0,false,protein,1,8,3.0,10000,2,1.08787,0.166667,424.674,0.00235475,0.00502489
316,317,hypercube,1,2000.0,false,protein,1,8,3.0,10000,4,1.03218,0.25,354.675,0.00281948,0.00509956
317,318,hypercube,1,2000.0,false,protein,1,8,3.0,10000,6,1.03218,0.25,362.782,0.00275647,0.00500921
318,319,hypercube,1,2000.0,false,protein,1,8,3.0,10000,8,1.03218,0.25,358.323,0.00279078,0.00505832
319,320,hypercube,1,2000.0,false,protein,1,8,3.0,10000,10,1.03218,0.25,363.783,0.00274889,0.00504048
320,321,hypercube,1,2000.0,false,protein,1,8,3.0,10000,12,1.03218,0.25,354.226,0.00282306,0.00497923
321,322,hypercube,1,2000.0,false,protein,1,8,3.0,10000,14,1.03218,0.25,349.751,0.00285917,0.00498933
322,323,hypercube,1,2000.0,false,protein,1,8,3.0,10000,16,1.03218,0.25,359.199,0.00278398,0.00498092
323,324,hypercube,1,2000.0,false,protein,1,8,3.0,10000,18,1.03218,0.25,359.539,0.00278134,0.00509394
324,325,hypercube,1,2000.0,false,protein,1,8,4.0,10,2,2.19014,0.0,151515.0,6.6,0.00508221
325,326,hypercube,1,2000.0,false,protein,1,8,4.0,10,4,2.19014,0.0,79734.2,1.25417,0.00510788
326,327,hypercube,1,2000.0,false,protein,1,8,4.0,10,6,2.19014,0.0,54176.1,1.84583,0.00511219
327,328,hypercube,1,2000.0,false,protein,1,8,4.0,10,8,2.19014,0.0,49792.5,2.00833,0.00526782
328,329,hypercube,1,2000.0,false,protein,1,8,4.0,10,10,2.19014,0.0,52770.4,1.895,0.00513557
329,330,hypercube,1,2000.0,false,protein,1,8,4.0,10,12,2.19014,0.0,52631.6,1.9,0.00512734
330,331,hypercube,1,2000.0,false,protein,1,8,4.0,10,14,2.19014,0.0,47337.3,2.1125,0.00508119
331,332,hypercube,1,2000.0,false,protein,1,8,4.0,10,16,2.19014,0.0,53691.3,1.8625,0.00509103
332,333,hypercube,1,2000.0,false,protein,1,8,4.0,10,18,2.19014,0.0,50104.4,1.99583,0.00544276
333,334,hypercube,1,2000.0,false,protein,1,8,4.0,100,2,1.35896,0.0833333,21889.8,4.56833,0.00510534
334,335,hypercube,1,2000.0,false,protein,1,8,4.0,100,4,1.35896,0.0833333,18550.0,5.39083,0.00517331
335,336,hypercube,1,2000.0,false,protein,1,8,4.0,100,6,1.35896,0.0833333,18630.6,5.3675,0.00506364
336,337,hypercube,1,2000.0,false,protein,1,8,4.0,100,8,1.35896,0.0833333,17505.5,5.7125,0.0051136
337,338,hypercube,1,2000.0,false,protein,1,8,4.0,100,10,1.35896,0.0833333,16987.5,5.88667,0.00506273
338,339,hypercube,1,2000.0,false,protein,1,8,4.0,100,12,1.35896,0.0833333,18329.0,5.45583,0.00512664
339,340,hypercube,1,2000.0,false,protein,1,8,4.0,100,14,1.35896,0.0833333,17551.6,5.6975,0.00510788
340,341,hypercube,1,2000.0,false,protein,1,8,4.0,100,16,1.35896,0.0833333,18115.9,5.52,0.00511418
341,342,hypercube,1,2000.0,false,protein,1,8,4.0,100,18,1.35896,0.0833333,17841.2,5.605,0.00516527
342,343,hypercube,1,2000.0,false,protein,1,8,4.0,1000,2,1.11652,0.25,2752.61,0.000363292,0.0050279
343,344,hypercube,1,2000.0,false,protein,1,8,4.0,1000,4,1.11652,0.25,2668.33,0.000374767,0.00509122
344,345,hypercube,1,2000.0,false,protein,1,8,4.0,1000,6,1.11652,0.25,2732.12,0.000366017,0.00507187
345,346,hypercube,1,2000.0,false,protein,1,8,4.0,1000,8,1.11652,0.25,2759.83,0.000362342,0.00504604
346,347,hypercube,1,2000.0,false,protein,1,8,4.0,1000,10,1.11652,0.25,2640.9,0.000378658,0.00512315
347,348,hypercube,1,2000.0,false,protein,1,8,4.0,1000,12,1.11652,0.25,2771.49,0.000360817,0.00503662
348,349,hypercube,1,2000.0,false,protein,1,8,4.0,1000,14,1.11652,0.25,2630.02,0.000380225,0.00519546
349,350,hypercube,1,2000.0,false,protein,1,8,4.0,1000,16,1.11652,0.25,2677.26,0.000373517,0.00507612
350,351,hypercube,1,2000.0,false,protein,1,8,4.0,1000,18,1.11652,0.25,2790.5,0.000358358,0.00504349
351,352,hypercube,1,2000.0,false,protein,1,8,4.0,10000,2,1.02578,0.25,416.952,0.00239836,0.00502617
352,353,hypercube,1,2000.0,false,protein,1,8,4.0,10000,4,1.02578,0.25,361.401,0.00276701,0.00511951
353,354,hypercube,1,2000.0,false,protein,1,8,4.0,10000,6,1.02578,0.25,346.52,0.00288583,0.0050603
354,355,hypercube,1,2000.0,false,protein,1,8,4.0,10000,8,1.02578,0.25,353.729,0.00282702,0.00505518
355,356,hypercube,1,2000.0,false,protein,1,8,4.0,10000,10,1.02578,0.25,359.944,0.00277821,0.00515257
356,357,hypercube,1,2000.0,false,protein,1,8,4.0,10000,12,1.02578,0.25,354.503,0.00282085,0.00503362
357,358,hypercube,1,2000.0,false,protein,1,8,4.0,10000,14,1.02578,0.25,355.318,0.00281438,0.00509666
358,359,hypercube,1,2000.0,false,protein,1,8,4.0,10000,16,1.02578,0.25,349.113,0.0028644,0.00517217
359,360,hypercube,1,2000.0,false,protein,1,8,4.0,10000,18,1.02578,0.25,357.215,0.00279943,0.00501748
360,361,hypercube,1,2000.0,false,protein,1,8,5.0,10,2,2.06905,0.0,109589.0,9.125,0.00525338
361,362,hypercube,1,2000.0,false,protein,1,8,5.0,10,4,2.06905,0.0,77871.5,1.28417,0.00515271
362,363,hypercube,1,2000.0,false,protein,1,8,5.0,10,6,2.06905,0.0,43843.6,2.28083,0.00511658
363,364,hypercube,1,2000.0,false,protein,1,8,5.0,10,8,2.06905,0.0,49059.7,2.03833,0.0051235
364,365,hypercube,1,2000.0,false,protein,1,8,5.0,10,10,2.06905,0.0,52470.5,1.90583,0.00512797
365,366,hypercube,1,2000.0,false,protein,1,8,5.0,10,12,2.06905,0.0,54029.7,1.85083,0.00517093
366,367,hypercube,1,2000.0,false,protein,1,8,5.0,10,14,2.06905,0.0,51903.1,1.92667,0.00518133
367,368,hypercube,1,2000.0,false,protein,1,8,5.0,10,16,2.06905,0.0,49321.8,2.0275,0.00522664
368,369,hypercube,1,2000.0,false,protein,1,8,5.0,10,18,2.06905,0.0,51546.4,1.94,0.00516609
369,370,hypercube,1,2000.0,false,protein,1,8,5.0,100,2,1.39984,0.0,19946.8,5.01333,0.00564673
370,371,hypercube,1,2000.0,false,protein,1,8,5.0,100,4,1.39984,0.0,19367.3,5.16333,0.00511177
371,372,hypercube,1,2000.0,false,protein,1,8,5.0,100,6,1.39984,0.0,17431.7,5.73667,0.00515399
372,373,hypercube,1,2000.0,false,protein,1,8,5.0,100,8,1.39984,0.0,17662.6,5.66167,0.00524235
373,374,hypercube,1,2000.0,false,protein,1,8,5.0,100,10,1.39984,0.0,16000.0,6.25,0.00529105
374,375,hypercube,1,2000.0,false,protein,1,8,5.0,100,12,1.39984,0.0,16244.8,6.15583,0.00527526
375,376,hypercube,1,2000.0,false,protein,1,8,5.0,100,14,1.39984,0.0,15785.3,6.335,0.00541286
376,377,hypercube,1,2000.0,false,protein,1,8,5.0,100,16,1.39984,0.0,16440.6,6.0825,0.00534096
377,378,hypercube,1,2000.0,false,protein,1,8,5.0,100,18,1.39984,0.0,17084.3,5.85333,0.00513718
378,379,hypercube,1,2000.0,false,protein,1,8,5.0,1000,2,1.20287,0.166667,2727.09,0.000366692,0.00505861
379,380,hypercube,1,2000.0,false,protein,1,8,5.0,1000,4,1.20287,0.166667,2685.4,0.000372383,0.00520924
380,381,hypercube,1,2000.0,false,protein,1,8,5.0,1000,6,1.20287,0.166667,2705.26,0.00036965,0.00515633
381,382,hypercube,1,2000.0,false,protein,1,8,5.0,1000,8,1.20287,0.166667,2624.1,0.000381083,0.00514125
382,383,hypercube,1,2000.0,false,protein,1,8,5.0,1000,10,1.20287,0.166667,2599.65,0.000384667,0.00524862
383,384,hypercube,1,2000.0,false,protein,1,8,5.0,1000,12,1.20287,0.166667,2535.82,0.00039435,0.00516375
384,385,hypercube,1,2000.0,false,protein,1,8,5.0,1000,14,1.20287,0.166667,2483.96,0.000402583,0.00548122
385,386,hypercube,1,2000.0,false,protein,1,8,5.0,1000,16,1.20287,0.166667,2612.73,0.000382742,0.00525679
386,387,hypercube,1,2000.0,false,protein,1,8,5.0,1000,18,1.20287,0.166667,2463.56,0.000405917,0.00522802
387,388,hypercube,1,2000.0,false,protein,1,8,5.0,10000,2,1.03232,0.25,415.165,0.00240868,0.00510292
388,389,hypercube,1,2000.0,false,protein,1,8,5.0,10000,4,1.03232,0.25,350.77,0.00285087,0.00518628
389,390,hypercube,1,2000.0,false,protein,1,8,5.0,10000,6,1.03232,0.25,352.468,0.00283713,0.00515097
390,391,hypercube,1,2000.0,false,protein,1,8,5.0,10000,8,1.03232,0.25,341.492,0.00292832,0.00534106
391,392,hypercube,1,2000.0,false,protein,1,8,5.0,10000,10,1.03232,0.25,350.528,0.00285284,0.00519964
392,393,hypercube,1,2000.0,false,protein,1,8,5.0,10000,12,1.03232,0.25,347.309,0.00287928,0.00516171
393,394,hypercube,1,2000.0,false,protein,1,8,5.0,10000,14,1.03232,0.25,346.757,0.00288387,0.00516752
394,395,hypercube,1,2000.0,false,protein,1,8,5.0,10000,16,1.03232,0.25,357.357,0.00279833,0.00516365
395,396,hypercube,1,2000.0,false,protein,1,8,5.0,10000,18,1.03232,0.25,346.426,0.00288662,0.00508065
396,397,hypercube,1,2000.0,false,protein,1,8,8.0,10,2,2.3478,0.0,183486.0,5.45,0.00519436
397,398,hypercube,1,2000.0,false,protein,1,8,8.0,10,4,2.3478,0.0,85898.4,1.16417,0.00523109
398,399,hypercube,1,2000.0,false,protein,1,8,8.0,10,6,2.3478,0.0,56258.8,1.7775,0.00532407
399,400,hypercube,1,2000.0,false,protein,1,8,8.0,10,8,2.3478,0.0,41724.6,2.39667,0.00518598
400,401,hypercube,1,2000.0,false,protein,1,8,8.0,10,10,2.3478,0.0,58737.2,1.7025,0.00513327
401,402,hypercube,1,2000.0,false,protein,1,8,8.0,10,12,2.3478,0.0,55096.4,1.815,0.00539125
402,403,hypercube,1,2000.0,false,protein,1,8,8.0,10,14,2.3478,0.0,53643.3,1.86417,0.00533932
403,404,hypercube,1,2000.0,false,protein,1,8,8.0,10,16,2.3478,0.0,56127.2,1.78167,0.00515195
404,405,hypercube,1,2000.0,false,protein,1,8,8.0,10,18,2.3478,0.0,55427.3,1.80417,0.00534905
405,406,hypercube,1,2000.0,false,protein,1,8,8.0,100,2,1.96293,0.0,25311.1,3.95083,0.00535586
406,407,hypercube,1,2000.0,false,protein,1,8,8.0,100,4,1.96293,0.0,29161.6,3.42917,0.00518393
407,408,hypercube,1,2000.0,false,protein,1,8,8.0,100,6,1.96293,0.0,22429.9,4.45833,0.00519569
408,409,hypercube,1,2000.0,false,protein,1,8,8.0,100,8,1.96293,0.0,22667.2,4.41167,0.00531772
409,410,hypercube,1,2000.0,false,protein,1,8,8.0,100,10,1.96293,0.0,22388.1,4.46667,0.00536888
410,411,hypercube,1,2000.0,false,protein,1,8,8.0,100,12,1.96293,0.0,23139.2,4.32167,0.00507536
411,412,hypercube,1,2000.0,false,protein,1,8,8.0,100,14,1.96293,0.0,22598.9,4.425,0.00525249
412,413,hypercube,1,2000.0,false,protein,1,8,8.0,100,16,1.96293,0.0,22569.1,4.43083,0.00526507
413,414,hypercube,1,2000.0,false,protein,1,8,8.0,100,18,1.96293,0.0,24296.4,4.11583,0.00517258
414,415,hypercube,1,2000.0,false,protein,1,8,8.0,1000,2,1.56639,0.0,3438.49,0.000290825,0.00514222
415,416,hypercube,1,2000.0,false,protein,1,8,8.0,1000,4,1.56639,0.0,3223.73,0.0003102,0.00525726
416,417,hypercube,1,2000.0,false,protein,1,8,8.0,1000,6,1.56639,0.0,3296.07,0.000303392,0.00510991
417,418,hypercube,1,2000.0,false,protein,1,8,8.0,1000,8,1.56639,0.0,3224.94,0.000310083,0.00518683
418,419,hypercube,1,2000.0,false,protein,1,8,8.0,1000,10,1.56639,0.0,3338.06,0.000299575,0.00512178
419,420,hypercube,1,2000.0,false,protein,1,8,8.0,1000,12,1.56639,0.0,3119.48,0.000320567,0.00517061
420,421,hypercube,1,2000.0,false,protein,1,8,8.0,1000,14,1.56639,0.0,3033.75,0.000329625,0.00520517
421,422,hypercube,1,2000.0,false,protein,1,8,8.0,1000,16,1.56639,0.0,3208.99,0.000311625,0.00520084
422,423,hypercube,1,2000.0,false,protein,1,8,8.0,1000,18,1.56639,0.0,3225.2,0.000310058,0.0050974
423,424,hypercube,1,2000.0,false,protein,1,8,8.0,10000,2,1.0796,0.166667,365.68,0.00273463,0.00522203
424,425,hypercube,1,2000.0,false,protein,1,8,8.0,10000,4,1.0796,0.166667,369.901,0.00270343,0.00507767
425,426,hypercube,1,2000.0,false,protein,1,8,8.0,10000,6,1.0796,0.166667,370.652,0.00269795,0.00511167
426,427,hypercube,1,2000.0,false,protein,1,8,8.0,10000,8,1.0796,0.166667,360.828,0.0027714,0.00524648
427,428,hypercube,1,2000.0,false,protein,1,8,8.0,10000,10,1.0796,0.166667,370.301,0.00270051,0.00506002
428,429,hypercube,1,2000.0,false,protein,1,8,8.0,10000,12,1.0796,0.166667,373.839,0.00267495,0.00508564
429,430,hypercube,1,2000.0,false,protein,1,8,8.0,10000,14,1.0796,0.166667,371.523,0.00269163,0.00511503
430,431,hypercube,1,2000.0,false,protein,1,8,8.0,10000,16,1.0796,0.166667,374.163,0.00267263,0.00510121
431,432,hypercube,1,2000.0,false,protein,1,8,8.0,10000,18,1.0796,0.166667,375.027,0.00266647,0.00512603
432,433,hypercube,1,2000.0,false,protein,1,8,10.0,10,2,2.33048,0.0,187500.0,5.33333,0.00525335
433,434,hypercube,1,2000.0,false,protein,1,8,10.0,10,4,2.33048,0.0,91324.2,1.095,0.00512662
434,435,hypercube,1,2000.0,false,protein,1,8,10.0,10,6,2.33048,0.0,63728.1,1.56917,0.0052004
435,436,hypercube,1,2000.0,false,protein,1,8,10.0,10,8,2.33048,0.0,60150.4,1.6625,0.00521948
436,437,hypercube,1,2000.0,false,protein,1,8,10.0,10,10,2.33048,0.0,59113.3,1.69167,0.00513403
437,438,hypercube,1,2000.0,false,protein,1,8,10.0,10,12,2.33048,0.0,57720.1,1.7325,0.00518619
438,439,hypercube,1,2000.0,false,protein,1,8,10.0,10,14,2.33048,0.0,57251.9,1.74667,0.00521197
439,440,hypercube,1,2000.0,false,protein,1,8,10.0,10,16,2.33048,0.0,58055.2,1.7225,0.0052321
440,441,hypercube,1,2000.0,false,protein,1,8,10.0,10,18,2.33048,0.0,58765.9,1.70167,0.00514636
441,442,hypercube,1,2000.0,false,protein,1,8,10.0,100,2,1.92497,0.0,33660.6,2.97083,0.0052216
442,443,hypercube,1,2000.0,false,protein,1,8,10.0,100,4,1.92497,0.0,30030.0,3.33,0.00513094
443,444,hypercube,1,2000.0,false,protein,1,8,10.0,100,6,1.92497,0.0,26984.5,3.70583,0.00512252
444,445,hypercube,1,2000.0,false,protein,1,8,10.0,100,8,1.92497,0.0,26013.4,3.84417,0.00514784
445,446,hypercube,1,2000.0,false,protein,1,8,10.0,100,10,1.92497,0.0,24529.8,4.07667,0.00531561
446,447,hypercube,1,2000.0,false,protein,1,8,10.0,100,12,1.92497,0.0,23296.4,4.2925,0.00534904
447,448,hypercube,1,2000.0,false,protein,1,8,10.0,100,14,1.92497,0.0,24727.0,4.04417,0.00510754
448,449,hypercube,1,2000.0,false,protein,1,8,10.0,100,16,1.92497,0.0,21877.8,4.57083,0.00543464
449,450,hypercube,1,2000.0,false,protein,1,8,10.0,100,18,1.92497,0.0,21941.9,4.5575,0.00536174
450,451,hypercube,1,2000.0,false,protein,1,8,10.0,1000,2,1.43118,0.0833333,3464.8,0.000288617,0.00515747
451,452,hypercube,1,2000.0,false,protein,1,8,10.0,1000,4,1.43118,0.0833333,3557.56,0.000281092,0.00527958
452,453,hypercube,1,2000.0,false,protein,1,8,10.0,1000,6,1.43118,0.0833333,3344.3,0.000299017,0.00551133
453,454,hypercube,1,2000.0,false,protein,1,8,10.0,1000,8,1.43118,0.0833333,3459.71,0.000289042,0.00525582
454,455,hypercube,1,2000.0,false,protein,1,8,10.0,1000,10,1.43118,0.0833333,3618.6,0.00027635,0.00518472
455,456,hypercube,1,2000.0,false,protein,1,8,10.0,1000,12,1.43118,0.0833333,3448.37,0.000289992,0.00530604
456,457,hypercube,1,2000.0,false,protein,1,8,10.0,1000,14,1.43118,0.0833333,3178.3,0.000314633,0.00526353
457,458,hypercube,1,2000.0,false,protein,1,8,10.0,1000,16,1.43118,0.0833333,3435.54,0.000291075,0.00521851
458,459,hypercube,1,2000.0,false,protein,1,8,10.0,1000,18,1.43118,0.0833333,3497.83,0.000285892,0.00520346
459,460,hypercube,1,2000.0,false,protein,1,8,10.0,10000,2,1.05085,0.25,344.107,0.00290607,0.00516345
460,461,hypercube,1,2000.0,false,protein,1,8,10.0,10000,4,1.05085,0.25,367.512,0.002721,0.00512143
461,462,hypercube,1,2000.0,false,protein,1,8,10.0,10000,6,1.05085,0.25,359.851,0.00277892,0.00521983
462,463,hypercube,1,2000.0,false,protein,1,8,10.0,10000,8,1.05085,0.25,363.447,0.00275143,0.00505935
463,464,hypercube,1,2000.0,false,protein,1,8,10.0,10000,10,1.05085,0.25,357.77,0.00279509,0.00524635
464,465,hypercube,1,2000.0,false,protein,1,8,10.0,10000,12,1.05085,0.25,362.003,0.00276241,0.00511993
465,466,hypercube,1,2000.0,false,protein,1,8,10.0,10000,14,1.05085,0.25,357.472,0.00279743,0.00517587
466,467,hypercube,1,2000.0,false,protein,1,8,10.0,10000,16,1.05085,0.25,364.614,0.00274263,0.00511701
467,468,hypercube,1,2000.0,false,protein,1,8,10.0,10000,18,1.05085,0.25,347.184,0.00288032,0.00519558
468,469,hypercube,1,2000.0,false,protein,1,8,12.0,10,2,2.3207,0.0,189274.0,5.28333,0.00519592
469,470,hypercube,1,2000.0,false,protein,1,8,12.0,10,4,2.3207,0.0,85836.9,1.165,0.00548495
470,471,hypercube,1,2000.0,false,protein,1,8,12.0,10,6,2.3207,0.0,60241.0,1.66,0.00534087
471,472,hypercube,1,2000.0,false,protein,1,8,12.0,10,8,2.3207,0.0,60301.5,1.65833,0.00514845
472,473,hypercube,1,2000.0,false,protein,1,8,12.0,10,10,2.3207,0.0,58422.6,1.71167,0.00526078
473,474,hypercube,1,2000.0,false,protein,1,8,12.0,10,12,2.3207,0.0,58708.4,1.70333,0.00534113
474,475,hypercube,1,2000.0,false,protein,1,8,12.0,10,14,2.3207,0.0,51679.6,1.935,0.00547777
475,476,hypercube,1,2000.0,false,protein,1,8,12.0,10,16,2.3207,0.0,59642.1,1.67667,0.00515625
476,477,hypercube,1,2000.0,false,protein,1,8,12.0,10,18,2.3207,0.0,56603.8,1.76667,0.00521708
477,478,hypercube,1,2000.0,false,protein,1,8,12.0,100,2,1.92932,0.0,33946.3,2.94583,0.00529199
478,479,hypercube,1,2000.0,false,protein,1,8,12.0,100,4,1.92932,0.0,28295.2,3.53417,0.00537568
479,480,hypercube,1,2000.0,false,protein,1,8,12.0,100,6,1.92932,0.0,24875.6,4.02,0.00526251
480,481,hypercube,1,2000.0,false,protein,1,8,12.0,100,8,1.92932,0.0,27341.1,3.6575,0.00518663
481,482,hypercube,1,2000.0,false,protein,1,8,12.0,100,10,1.92932,0.0,25348.5,3.945,0.00528849
482,483,hypercube,1,2000.0,false,protein,1,8,12.0,100,12,1.92932,0.0,21470.7,4.6575,0.00529065
483,484,hypercube,1,2000.0,false,protein,1,8,12.0,100,14,1.92932,0.0,24549.9,4.07333,0.00529712
484,485,hypercube,1,2000.0,false,protein,1,8,12.0,100,16,1.92932,0.0,21371.3,4.67917,0.00593277
485,486,hypercube,1,2000.0,false,protein,1,8,12.0,100,18,1.92932,0.0,26109.7,3.83,0.00513799
486,487,hypercube,1,2000.0,false,protein,1,8,12.0,1000,2,1.58059,0.0,3761.64,0.000265842,0.00518139
487,488,hypercube,1,2000.0,false,protein,1,8,12.0,1000,4,1.58059,0.0,3797.83,0.000263308,0.00517523
488,489,hypercube,1,2000.0,false,protein,1,8,12.0,1000,6,1.58059,0.0,3595.29,0.000278142,0.00520097
489,490,hypercube,1,2000.0,false,protein,1,8,12.0,1000,8,1.58059,0.0,3793.63,0.0002636,0.0051884
490,491,hypercube,1,2000.0,false,protein,1,8,12.0,1000,10,1.58059,0.0,3790.99,0.000263783,0.00519937
491,492,hypercube,1,2000.0,false,protein,1,8,12.0,1000,12,1.58059,0.0,3758.34,0.000266075,0.00516392
492,493,hypercube,1,2000.0,false,protein,1,8,12.0,1000,14,1.58059,0.0,3763.53,0.000265708,0.00519878
493,494,hypercube,1,2000.0,false,protein,1,8,12.0,1000,16,1.58059,0.0,3837.42,0.000260592,0.00518844
494,495,hypercube,1,2000.0,false,protein,1,8,12.0,1000,18,1.58059,0.0,3746.84,0.000266892,0.00518587
495,496,hypercube,1,2000.0,false,protein,1,8,12.0,10000,2,1.10435,0.25,388.289,0.0025754,0.00506139
496,497,hypercube,1,2000.0,false,protein,1,8,12.0,10000,4,1.10435,0.25,388.965,0.00257092,0.00511481
497,498,hypercube,1,2000.0,false,protein,1,8,12.0,10000,6,1.10435,0.25,384.869,0.00259828,0.00506487
498,499,hypercube,1,2000.0,false,protein,1,8,12.0,10000,8,1.10435,0.25,386.128,0.00258982,0.00512486
499,500,hypercube,1,2000.0,false,protein,1,8,12.0,10000,10,1.10435,0.25,358.317,0.00279083,0.00524715
500,501,hypercube,1,2000.0,false,protein,1,8,12.0,10000,12,1.10435,0.25,384.936,0.00259783,0.00510805
501,502,hypercube,1,2000.0,false,protein,1,8,12.0,10000,14,1.10435,0.25,386.481,0.00258745,0.00513305
502,503,hypercube,1,2000.0,false,protein,1,8,12.0,10000,16,1.10435,0.25,378.236,0.00264385,0.00512307
503,504,hypercube,1,2000.0,false,protein,1,8,12.0,10000,18,1.10435,0.25,385.002,0.00259739,0.00505218
504,505,hypercube,1,2000.0,false,protein,1,8,15.0,10,2,2.32293,0.0,193548.0,5.16667,0.00517476
505,506,hypercube,1,2000.0,false,protein,1,8,15.0,10,4,2.32293,0.0,80429.0,1.24333,0.00525755
506,507,hypercube,1,2000.0,false,protein,1,8,15.0,10,6,2.32293,0.0,54619.9,1.83083,0.00519396
507,508,hypercube,1,2000.0,false,protein,1,8,15.0,10,8,2.32293,0.0,27946.0,3.57833,0.00534519
508,509,hypercube,1,2000.0,false,protein,1,8,15.0,10,10,2.32293,0.0,57334.0,1.74417,0.00515792
509,510,hypercube,1,2000.0,false,protein,1,8,15.0,10,12,2.32293,0.0,60483.9,1.65333,0.00520428
510,511,hypercube,1,2000.0,false,protein,1,8,15.0,10,14,2.32293,0.0,59376.5,1.68417,0.00518716
511,512,hypercube,1,2000.0,false,protein,1,8,15.0,10,16,2.32293,0.0,57636.9,1.735,0.00524859
512,513,hypercube,1,2000.0,false,protein,1,8,15.0,10,18,2.32293,0.0,52770.4,1.895,0.00540175
513,514,hypercube,1,2000.0,false,protein,1,8,15.0,100,2,1.94195,0.0,41124.1,2.43167,0.00519224
514,515,hypercube,1,2000.0,false,protein,1,8,15.0,100,4,1.94195,0.0,29925.2,3.34167,0.00563017
515,516,hypercube,1,2000.0,false,protein,1,8,15.0,100,6,1.94195,0.0,27972.0,3.575,0.00522362
516,517,hypercube,1,2000.0,false,protein,1,8,15.0,100,8,1.94195,0.0,27560.9,3.62833,0.00523532
517,518,hypercube,1,2000.0,false,protein,1,8,15.0,100,10,1.94195,0.0,28255.2,3.53917,0.00519762
518,519,hypercube,1,2000.0,false,protein,1,8,15.0,100,12,1.94195,0.0,26803.7,3.73083,0.00520209
519,520,hypercube,1,2000.0,false,protein,1,8,15.0,100,14,1.94195,0.0,26513.5,3.77167,0.00531445
520,521,hypercube,1,2000.0,false,protein,1,8,15.0,100,16,1.94195,0.0,24891.1,4.0175,0.00515054
521,522,hypercube,1,2000.0,false,protein,1,8,15.0,100,18,1.94195,0.0,27384.8,3.65167,0.00525348
522,523,hypercube,1,2000.0,false,protein,1,8,15.0,1000,2,1.55521,0.0,4121.73,0.000242617,0.0051928
523,524,hypercube,1,2000.0,false,protein,1,8,15.0,1000,4,1.55521,0.0,3982.21,0.000251117,0.00517416
524,525,hypercube,1,2000.0,false,protein,1,8,15.0,1000,6,1.55521,0.0,4072.77,0.000245533,0.00516997
525,526,hypercube,1,2000.0,false,protein,1,8,15.0,1000,8,1.55521,0.0,3946.85,0.000253367,0.00522789
526,527,hypercube,1,2000.0,false,protein,1,8,15.0,1000,10,1.55521,0.0,3810.13,0.000262458,0.00525694
527,528,hypercube,1,2000.0,false,protein,1,8,15.0,1000,12,1.55521,0.0,3858.89,0.000259142,0.00541252
528,529,hypercube,1,2000.0,false,protein,1,8,15.0,1000,14,1.55521,0.0,3966.55,0.000252108,0.00522347
529,530,hypercube,1,2000.0,false,protein,1,8,15.0,1000,16,1.55521,0.0,3979.18,0.000251308,0.00526571
530,531,hypercube,1,2000.0,false,protein,1,8,15.0,1000,18,1.55521,0.0,4079.97,0.0002451,0.0052117
531,532,hypercube,1,2000.0,false,protein,1,8,15.0,10000,2,1.10283,0.25,410.207,0.00243779,0.00514547
532,533,hypercube,1,2000.0,false,protein,1,8,15.0,10000,4,1.10283,0.25,395.422,0.00252894,0.00508528
533,534,hypercube,1,2000.0,false,protein,1,8,15.0,10000,6,1.10283,0.25,407.89,0.00245164,0.00514902
534,535,hypercube,1,2000.0,false,protein,1,8,15.0,10000,8,1.10283,0.25,409.698,0.00244082,0.00516478
535,536,hypercube,1,2000.0,false,protein,1,8,15.0,10000,10,1.10283,0.25,408.698,0.00244679,0.0050761
536,537,hypercube,1,2000.0,false,protein,1,8,15.0,10000,12,1.10283,0.25,398.882,0.00250701,0.00521417
537,538,hypercube,1,2000.0,false,protein,1,8,15.0,10000,14,1.10283,0.25,412.602,0.00242364,0.00511213
538,539,hypercube,1,2000.0,false,protein,1,8,15.0,10000,16,1.10283,0.25,399.295,0.00250442,0.00509551
539,540,hypercube,1,2000.0,false,protein,1,8,15.0,10000,18,1.10283,0.25,395.797,0.00252655,0.00525783
540,541,hypercube,1,2000.0,false,protein,1,8,20.0,10,2,2.3558,0.0,183767.0,5.44167,0.00529174
541,542,hypercube,1,2000.0,false,protein,1,8,20.0,10,4,2.3558,0.0,96076.9,1.04083,0.00518208
542,543,hypercube,1,2000.0,false,protein,1,8,20.0,10,6,2.3558,0.0,65359.5,1.53,0.00524188
543,544,hypercube,1,2000.0,false,protein,1,8,20.0,10,8,2.3558,0.0,62926.1,1.58917,0.00518698
544,545,hypercube,1,2000.0,false,protein,1,8,20.0,10,10,2.3558,0.0,63391.4,1.5775,0.00522357
545,546,hypercube,1,2000.0,false,protein,1,8,20.0,10,12,2.3558,0.0,60575.5,1.65083,0.00514432
546,547,hypercube,1,2000.0,false,protein,1,8,20.0,10,14,2.3558,0.0,57887.1,1.7275,0.0051768
547,548,hypercube,1,2000.0,false,protein,1,8,20.0,10,16,2.3558,0.0,58309.0,1.715,0.00523387
548,549,hypercube,1,2000.0,false,protein,1,8,20.0,10,18,2.3558,0.0,59055.1,1.69333,0.00529787
549,550,hypercube,1,2000.0,false,protein,1,8,20.0,100,2,1.93253,0.0,47638.0,2.09917,0.00525855
550,551,hypercube,1,2000.0,false,protein,1,8,20.0,100,4,1.93253,0.0,37535.2,2.66417,0.00521193
551,552,hypercube,1,2000.0,false,protein,1,8,20.0,100,6,1.93253,0.0,30387.4,3.29083,0.00526386
552,553,hypercube,1,2000.0,false,protein,1,8,20.0,100,8,1.93253,0.0,29673.6,3.37,0.00529278
553,554,hypercube,1,2000.0,false,protein,1,8,20.0,100,10,1.93253,0.0,29491.3,3.39083,0.00518741
554,555,hypercube,1,2000.0,false,protein,1,8,20.0,100,12,1.93253,0.0,29397.4,3.40167,0.00516933
555,556,hypercube,1,2000.0,false,protein,1,8,20.0,100,14,1.93253,0.0,25559.1,3.9125,0.00532782
556,557,hypercube,1,2000.0,false,protein,1,8,20.0,100,16,1.93253,0.0,28342.0,3.52833,0.00535105
557,558,hypercube,1,2000.0,false,protein,1,8,20.0,100,18,1.93253,0.0,27771.3,3.60083,0.00516759
558,559,hypercube,1,2000.0,false,protein,1,8,20.0,1000,2,1.65872,0.0,4733.17,0.000211275,0.00521155
559,560,hypercube,1,2000.0,false,protein,1,8,20.0,1000,4,1.65872,0.0,4878.84,0.000204967,0.00526533
560,561,hypercube,1,2000.0,false,protein,1,8,20.0,1000,6,1.65872,0.0,4508.06,0.000221825,0.00523907
561,562,hypercube,1,2000.0,false,protein,1,8,20.0,1000,8,1.65872,0.0,4391.26,0.000227725,0.00519306
562,563,hypercube,1,2000.0,false,protein,1,8,20.0,1000,10,1.65872,0.0,4449.06,0.000224767,0.00524791
563,564,hypercube,1,2000.0,false,protein,1,8,20.0,1000,12,1.65872,0.0,4446.42,0.0002249,0.00531307
564,565,hypercube,1,2000.0,false,protein,1,8,20.0,1000,14,1.65872,0.0,4489.0,0.000222767,0.00522053
565,566,hypercube,1,2000.0,false,protein,1,8,20.0,1000,16,1.65872,0.0,4793.48,0.000208617,0.00521063
566,567,hypercube,1,2000.0,false,protein,1,8,20.0,1000,18,1.65872,0.0,4522.16,0.000221133,0.00523329
567,568,hypercube,1,2000.0,false,protein,1,8,20.0,10000,2,1.11676,0.0833333,476.002,0.00210083,0.00520872
568,569,hypercube,1,2000.0,false,protein,1,8,20.0,10000,4,1.11676,0.0833333,476.796,0.00209733,0.00515002
569,570,hypercube,1,2000.0,false,protein,1,8,20.0,10000,6,1.11676,0.0833333,458.763,0.00217978,0.00518475
570,571,hypercube,1,2000.0,false,protein,1,8,20.0,10000,8,1.11676,0.0833333,474.34,0.00210819,0.00516543
571,572,hypercube,1,2000.0,false,protein,1,8,20.0,10000,10,1.11676,0.0833333,430.104,0.00232502,0.00543754
572,573,hypercube,1,2000.0,false,protein,1,8,20.0,10000,12,1.11676,0.0833333,459.033,0.00217849,0.00510058
573,574,hypercube,1,2000.0,false,protein,1,8,20.0,10000,14,1.11676,0.0833333,462.504,0.00216214,0.00521753
574,575,hypercube,1,2000.0,false,protein,1,8,20.0,10000,16,1.11676,0.0833333,460.506,0.00217153,0.00512425
575,576,hypercube,1,2000.0,false,protein,1,8,20.0,10000,18,1.11676,0.0833333,468.39,0.00213497,0.00518386
576,577,hypercube,1,2000.0,false,protein,1,12,3.0,10,2,2.48624,0.0,114177.0,8.75833,0.00524489
577,578,hypercube,1,2000.0,false,protein,1,12,3.0,10,4,2.48624,0.0,21375.1,4.67833,0.00542488
578,579,hypercube,1,2000.0,false,protein,1,12,3.0,10,6,2.48624,0.0,7595.9,0.00013165,0.00524043
579,580,hypercube,1,2000.0,false,protein,1,12,3.0,10,8,2.48624,0.0,5305.51,0.000188483,0.00522235
580,581,hypercube,1,2000.0,false,protein,1,12,3.0,10,10,2.48624,0.0,4660.01,0.000214592,0.00527848
581,582,hypercube,1,2000.0,false,protein,1,12,3.0,10,12,2.48624,0.0,4464.78,0.000223975,0.00516778
582,583,hypercube,1,2000.0,false,protein,1,12,3.0,10,14,2.48624,0.0,4691.72,0.000213142,0.00532518
583,584,hypercube,1,2000.0,false,protein,1,12,3.0,10,16,2.48624,0.0,4702.19,0.000212667,0.00523267
584,585,hypercube,1,2000.0,false,protein,1,12,3.0,10,18,2.48624,0.0,4689.52,0.000213242,0.00532414
585,586,hypercube,1,2000.0,false,protein,1,12,3.0,100,2,1.59358,0.0833333,23442.1,4.26583,0.00525362
586,587,hypercube,1,2000.0,false,protein,1,12,3.0,100,4,1.59358,0.0833333,13239.2,7.55333,0.00519863
587,588,hypercube,1,2000.0,false,protein,1,12,3.0,100,6,1.59358,0.0833333,6605.75,0.000151383,0.00525921
588,589,hypercube,1,2000.0,false,protein,1,12,3.0,100,8,1.59358,0.0833333,4407.55,0.000226883,0.00530281
589,590,hypercube,1,2000.0,false,protein,1,12,3.0,100,10,1.59358,0.0833333,4184.1,0.000239,0.00523423
590,591,hypercube,1,2000.0,false,protein,1,12,3.0,100,12,1.59358,0.0833333,4253.66,0.000235092,0.0052009
591,592,hypercube,1,2000.0,false,protein,1,12,3.0,100,14,1.59358,0.0833333,4381.16,0.00022825,0.00517295
592,593,hypercube,1,2000.0,false,protein,1,12,3.0,100,16,1.59358,0.0833333,4196.39,0.0002383,0.00525694
593,594,hypercube,1,2000.0,false,protein,1,12,3.0,100,18,1.59358,0.0833333,4215.41,0.000237225,0.00516205
594,595,hypercube,1,2000.0,false,protein,1,12,3.0,1000,2,1.27712,0.166667,3081.58,0.000324508,0.00523478
595,596,hypercube,1,2000.0,false,protein,1,12,3.0,1000,4,1.27712,0.166667,2815.84,0.000355133,0.00519387
596,597,hypercube,1,2000.0,false,protein,1,12,3.0,1000,6,1.27712,0.166667,2315.26,0.000431917,0.00524651
597,598,hypercube,1,2000.0,false,protein,1,12,3.0,1000,8,1.27712,0.166667,2012.54,0.000496883,0.00523569
598,599,hypercube,1,2000.0,false,protein,1,12,3.0,1000,10,1.27712,0.166667,1989.92,0.000502533,0.00514049
599,600,hypercube,1,2000.0,false,protein,1,12,3.0,1000,12,1.27712,0.166667,1972.68,0.000506925,0.00522372
600,601,hypercube,1,2000.0,false,protein,1,12,3.0,1000,14,1.27712,0.166667,1912.17,0.000522967,0.00538767
601,602,hypercube,1,2000.0,false,protein,1,12,3.0,1000,16,1.27712,0.166667,1900.36,0.000526217,0.0052007
602,603,hypercube,1,2000.0,false,protein,1,12,3.0,1000,18,1.27712,0.166667,1975.18,0.000506283,0.00518112
603,604,hypercube,1,2000.0,false,protein,1,12,3.0,10000,2,1.11133,0.25,386.292,0.00258872,0.00516183
604,605,hypercube,1,2000.0,false,protein,1,12,3.0,10000,4,1.11133,0.25,365.464,0.00273625,0.00511752
605,606,hypercube,1,2000.0,false,protein,1,12,3.0,10000,6,1.11133,0.25,347.871,0.00287462,0.00523223
606,607,hypercube,1,2000.0,false,protein,1,12,3.0,10000,8,1.11133,0.25,324.911,0.00307777,0.00526968
607,608,hypercube,1,2000.0,false,protein,1,12,3.0,10000,10,1.11133,0.25,335.228,0.00298304,0.00523216
608,609,hypercube,1,2000.0,false,protein,1,12,3.0,10000,12,1.11133,0.25,348.457,0.00286979,0.00512377
609,610,hypercube,1,2000.0,false,protein,1,12,3.0,10000,14,1.11133,0.25,339.42,0.0029462,0.00516522
610,611,hypercube,1,2000.0,false,protein,1,12,3.0,10000,16,1.11133,0.25,336.747,0.00296959,0.00521912
611,612,hypercube,1,2000.0,false,protein,1,12,3.0,10000,18,1.11133,0.25,347.083,0.00288116,0.00509862
612,613,hypercube,1,2000.0,false,protein,1,12,4.0,10,2,2.10072,0.0,98441.3,1.01583,0.00519261
613,614,hypercube,1,2000.0,false,protein,1,12,4.0,10,4,2.10072,0.0,22304.8,4.48333,0.00518472
614,615,hypercube,1,2000.0,false,protein,1,12,4.0,10,6,2.10072,0.0,7697.24,0.000129917,0.00520705
615,616,hypercube,1,2000.0,false,protein,1,12,4.0,10,8,2.10072,0.0,5169.52,0.000193442,0.00516768
616,617,hypercube,1,2000.0,false,protein,1,12,4.0,10,10,2.10072,0.0,4796.16,0.0002085,0.00526964
617,618,hypercube,1,2000.0,false,protein,1,12,4.0,10,12,2.10072,0.0,4856.53,0.000205908,0.00521205
618,619,hypercube,1,2000.0,false,protein,1,12,4.0,10,14,2.10072,0.0,4807.88,0.000207992,0.00527985
619,620,hypercube,1,2000.0,false,protein,1,12,4.0,10,16,2.10072,0.0,4772.13,0.00020955,0.00528991
620,621,hypercube,1,2000.0,false,protein,1,12,4.0,10,18,2.10072,0.0,4816.18,0.000207633,0.00520419
621,622,hypercube,1,2000.0,false,protein,1,12,4.0,100,2,1.63237,0.0833333,18876.8,5.2975,0.00529823
622,623,hypercube,1,2000.0,false,protein,1,12,4.0,100,4,1.63237,0.0833333,11526.3,8.67583,0.00516602
623,624,hypercube,1,2000.0,false,protein,1,12,4.0,100,6,1.63237,0.0833333,5734.22,0.000174392,0.00524066
624,625,hypercube,1,2000.0,false,protein,1,12,4.0,100,8,1.63237,0.0833333,4352.72,0.000229742,0.00515152
625,626,hypercube,1,2000.0,false,protein,1,12,4.0,100,10,1.63237,0.0833333,4024.01,0.000248508,0.00525195
626,627,hypercube,1,2000.0,false,protein,1,12,4.0,100,12,1.63237,0.0833333,4106.92,0.000243492,0.00513732
627,628,hypercube,1,2000.0,false,protein,1,12,4.0,100,14,1.63237,0.0833333,3764.82,0.000265617,0.00526631
628,629,hypercube,1,2000.0,false,protein,1,12,4.0,100,16,1.63237,0.0833333,3658.76,0.000273317,0.00567381
629,630,hypercube,1,2000.0,false,protein,1,12,4.0,100,18,1.63237,0.0833333,4070.83,0.00024565,0.00522588
630,631,hypercube,1,2000.0,false,protein,1,12,4.0,1000,2,1.3707,0.166667,2944.57,0.000339608,0.00528558
631,632,hypercube,1,2000.0,false,protein,1,12,4.0,1000,4,1.366,0.166667,2184.76,0.000457717,0.00527838
632,633,hypercube,1,2000.0,false,protein,1,12,4.0,1000,6,1.366,0.166667,1947.99,0.00051335,0.00520935
633,634,hypercube,1,2000.0,false,protein,1,12,4.0,1000,8,1.366,0.166667,1691.74,0.000591108,0.00528816
634,635,hypercube,1,2000.0,false,protein,1,12,4.0,1000,10,1.366,0.166667,1647.92,0.000606825,0.00529946
635,636,hypercube,1,2000.0,false,protein,1,12,4.0,1000,12,1.366,0.166667,1687.93,0.000592442,0.00512913
636,637,hypercube,1,2000.0,false,protein,1,12,4.0,1000,14,1.366,0.166667,1654.76,0.000604317,0.00520715
637,638,hypercube,1,2000.0,false,protein,1,12,4.0,1000,16,1.366,0.166667,890.076,0.0011235,0.0053378
638,639,hypercube,1,2000.0,false,protein,1,12,4.0,1000,18,1.366,0.166667,1723.74,0.000580133,0.0051451
639,640,hypercube,1,2000.0,false,protein,1,12,4.0,10000,2,1.3707,0.166667,2204.5,0.000453617,0.00524269
640,641,hypercube,1,2000.0,false,protein,1,12,4.0,10000,4,1.11066,0.166667,354.595,0.00282012,0.0051217
641,642,hypercube,1,2000.0,false,protein,1,12,4.0,10000,6,1.05327,0.25,312.825,0.00319667,0.00503174
642,643,hypercube,1,2000.0,false,protein,1,12,4.0,10000,8,1.05327,0.25,309.645,0.0032295,0.00506705
643,644,hypercube,1,2000.0,false,protein,1,12,4.0,10000,10,1.05327,0.25,313.371,0.00319111,0.00507989
644,645,hypercube,1,2000.0,false,protein,1,12,4.0,10000,12,1.05327,0.25,306.145,0.00326642,0.00515872
645,646,hypercube,1,2000.0,false,protein,1,12,4.0,10000,14,1.05327,0.25,302.702,0.00330358,0.00519231
646,647,hypercube,1,2000.0,false,protein,1,12,4.0,10000,16,1.05327,0.25,306.376,0.00326397,0.00512476
647,648,hypercube,1,2000.0,false,protein,1,12,4.0,10000,18,1.05327,0.25,302.412,0.00330674,0.00507773
648,649,hypercube,1,2000.0,false,protein,1,12,5.0,10,2,2.19675,0.0833333,78791.9,1.26917,0.00520748
649,650,hypercube,1,2000.0,false,protein,1,12,5.0,10,4,2.19675,0.0833333,22075.1,4.53,0.00520434
650,651,hypercube,1,2000.0,false,protein,1,12,5.0,10,6,2.19675,0.0833333,7661.37,0.000130525,0.00525602
651,652,hypercube,1,2000.0,false,protein,1,12,5.0,10,8,2.19675,0.0833333,5145.58,0.000194342,0.00519955
652,653,hypercube,1,2000.0,false,protein,1,12,5.0,10,10,2.19675,0.0833333,4596.47,0.000217558,0.00525313
653,654,hypercube,1,2000.0,false,protein,1,12,5.0,10,12,2.19675,0.0833333,4549.42,0.000219808,0.00519326
654,655,hypercube,1,2000.0,false,protein,1,12,5.0,10,14,2.19675,0.0833333,4407.55,0.000226883,0.00525663
655,656,hypercube,1,2000.0,false,protein,1,12,5.0,10,16,2.19675,0.0833333,4491.02,0.000222667,0.00565699
656,657,hypercube,1,2000.0,false,protein,1,12,5.0,10,18,2.19675,0.0833333,4651.16,0.000215,0.00523782
657,658,hypercube,1,2000.0,false,protein,1,12,5.0,100,2,1.29709,0.0833333,20020.0,4.995,0.00519937
658,659,hypercube,1,2000.0,false,protein,1,12,5.0,100,4,1.29709,0.0833333,11701.6,8.54583,0.00516021
659,660,hypercube,1,2000.0,false,protein,1,12,5.0,100,6,1.29709,0.0833333,5954.74,0.000167933,0.00520694
660,661,hypercube,1,2000.0,false,protein,1,12,5.0,100,8,1.29709,0.0833333,4169.13,0.000239858,0.00526831
661,662,hypercube,1,2000.0,false,protein,1,12,5.0,100,10,1.29709,0.0833333,4057.76,0.000246442,0.00545382
662,663,hypercube,1,2000.0,false,protein,1,12,5.0,100,12,1.29709,0.0833333,3995.07,0.000250308,0.00543522
663,664,hypercube,1,2000.0,false,protein,1,12,5.0,100,14,1.29709,0.0833333,3987.37,0.000250792,0.00520807
664,665,hypercube,1,2000.0,false,protein,1,12,5.0,100,16,1.29709,0.0833333,3890.04,0.000257067,0.0052225
665,666,hypercube,1,2000.0,false,protein,1,12,5.0,100,18,1.29709,0.0833333,4128.82,0.0002422,0.00522428
666,667,hypercube,1,2000.0,false,protein,1,12,5.0,1000,2,1.1265,0.166667,2734.42,0.000365708,0.00526538
667,668,hypercube,1,2000.0,false,protein,1,12,5.0,1000,4,1.1265,0.166667,2415.99,0.000413908,0.00516988
668,669,hypercube,1,2000.0,false,protein,1,12,5.0,1000,6,1.1265,0.166667,1947.26,0.000513542,0.00525468
669,670,hypercube,1,2000.0,false,protein,1,12,5.0,1000,8,1.1265,0.166667,1808.26,0.000553017,0.00518159
670,671,hypercube,1,2000.0,false,protein,1,12,5.0,1000,10,1.1265,0.166667,1685.37,0.000593342,0.00515646
671,672,hypercube,1,2000.0,false,protein,1,12,5.0,1000,12,1.1265,0.166667,1741.73,0.000574142,0.00521148
672,673,hypercube,1,2000.0,false,protein,1,12,5.0,1000,14,1.1265,0.166667,1752.93,0.000570475,0.00517348
673,674,hypercube,1,2000.0,false,protein,1,12,5.0,1000,16,1.1265,0.166667,1698.66,0.0005887,0.00516112
674,675,hypercube,1,2000.0,false,protein,1,12,5.0,1000,18,1.1265,0.166667,1767.12,0.000565892,0.00521313
675,676,hypercube,1,2000.0,false,protein,1,12,5.0,10000,2,1.06251,0.166667,1177.58,0.0008492,0.00525248
676,677,hypercube,1,2000.0,false,protein,1,12,5.0,10000,4,1.0,0.25,343.885,0.00290795,0.00512643
677,678,hypercube,1,2000.0,false,protein,1,12,5.0,10000,6,1.0,0.25,316.92,0.00315537,0.00519821
678,679,hypercube,1,2000.0,false,protein,1,12,5.0,10000,8,1.0,0.25,310.297,0.00322272,0.00509664
679,680,hypercube,1,2000.0,false,protein,1,12,5.0,10000,10,1.0,0.25,312.833,0.00319659,0.00509222
680,681,hypercube,1,2000.0,false,protein,1,12,5.0,10000,12,1.0,0.25,315.233,0.00317226,0.00506403
681,682,hypercube,1,2000.0,false,protein,1,12,5.0,10000,14,1.0,0.25,307.365,0.00325346,0.0050803
682,683,hypercube,1,2000.0,false,protein,1,12,5.0,10000,16,1.0,0.25,306.35,0.00326424,0.00515852
683,684,hypercube,1,2000.0,false,protein,1,12,5.0,10000,18,1.0,0.25,312.567,0.00319932,0.00516386
684,685,hypercube,1,2000.0,false,protein,1,12,8.0,10,2,2.2833,0.0,124352.0,8.04167,0.00522109
685,686,hypercube,1,2000.0,false,protein,1,12,8.0,10,4,2.2833,0.0,22501.4,4.44417,0.00531229
686,687,hypercube,1,2000.0,false,protein,1,12,8.0,10,6,2.2833,0.0,7862.15,0.000127192,0.00526985
687,688,hypercube,1,2000.0,false,protein,1,12,8.0,10,8,2.2833,0.0,5309.5,0.000188342,0.0052085
688,689,hypercube,1,2000.0,false,protein,1,12,8.0,10,10,2.2833,0.0,4866.57,0.000205483,0.00527478
689,690,hypercube,1,2000.0,false,protein,1,12,8.0,10,12,2.2833,0.0,4876.86,0.00020505,0.00519873
690,691,hypercube,1,2000.0,false,protein,1,12,8.0,10,14,2.2833,0.0,4654.23,0.000214858,0.00531712
691,692,hypercube,1,2000.0,false,protein,1,12,8.0,10,16,2.2833,0.0,4861.25,0.000205708,0.00520374
692,693,hypercube,1,2000.0,false,protein,1,12,8.0,10,18,2.2833,0.0,4541.67,0.000220183,0.00531749
693,694,hypercube,1,2000.0,false,protein,1,12,8.0,100,2,1.87303,0.0,31080.0,3.2175,0.00520282
694,695,hypercube,1,2000.0,false,protein,1,12,8.0,100,4,1.87303,0.0,14487.5,6.9025,0.00536741
695,696,hypercube,1,2000.0,false,protein,1,12,8.0,100,6,1.87303,0.0,6740.82,0.00014835,0.00524796
696,697,hypercube,1,2000.0,false,protein,1,12,8.0,100,8,1.87303,0.0,4877.45,0.000205025,0.00521134
697,698,hypercube,1,2000.0,false,protein,1,12,8.0,100,10,1.87303,0.0,4324.64,0.000231233,0.00533734
698,699,hypercube,1,2000.0,false,protein,1,12,8.0,100,12,1.87303,0.0,4551.32,0.000219717,0.00524785
699,700,hypercube,1,2000.0,false,protein,1,12,8.0,100,14,1.87303,0.0,4178.13,0.000239342,0.00524569
700,701,hypercube,1,2000.0,false,protein,1,12,8.0,100,16,1.87303,0.0,4288.78,0.000233167,0.00533547
701,702,hypercube,1,2000.0,false,protein,1,12,8.0,100,18,1.87303,0.0,4290.0,0.0002331,0.00522018
702,703,hypercube,1,2000.0,false,protein,1,12,8.0,1000,2,1.45372,0.0833333,3278.24,0.000305042,0.00526214
703,704,hypercube,1,2000.0,false,protein,1,12,8.0,1000,4,1.45372,0.0833333,3039.59,0.000328992,0.00521421
704,705,hypercube,1,2000.0,false,protein,1,12,8.0,1000,6,1.45372,0.0833333,2388.34,0.0004187,0.00525273
705,706,hypercube,1,2000.0,false,protein,1,12,8.0,1000,8,1.45372,0.0833333,2171.67,0.000460475,0.00519035
706,707,hypercube,1,2000.0,false,protein,1,12,8.0,1000,10,1.45372,0.0833333,1994.95,0.000501267,0.00524288
707,708,hypercube,1,2000.0,false,protein,1,12,8.0,1000,12,1.45372,0.0833333,2030.32,0.000492533,0.00524079
708,709,hypercube,1,2000.0,false,protein,1,12,8.0,1000,14,1.45372,0.0833333,2039.01,0.000490433,0.0051749
709,710,hypercube,1,2000.0,false,protein,1,12,8.0,1000,16,1.45372,0.0833333,1877.26,0.000532692,0.00521428
710,711,hypercube,1,2000.0,false,protein,1,12,8.0,1000,18,1.45372,0.0833333,2064.48,0.000484383,0.00514827
711,712,hypercube,1,2000.0,false,protein,1,12,8.0,10000,2,1.13385,0.0833333,355.16,0.00281563,0.00522457
712,713,hypercube,1,2000.0,false,protein,1,12,8.0,10000,4,1.13385,0.0833333,348.379,0.00287043,0.0051458
713,714,hypercube,1,2000.0,false,protein,1,12,8.0,10000,6,1.13385,0.0833333,340.13,0.00294005,0.00519072
714,715,hypercube,1,2000.0,false,protein,1,12,8.0,10000,8,1.13385,0.0833333,335.149,0.00298375,0.00519991
715,716,hypercube,1,2000.0,false,protein,1,12,8.0,10000,10,1.13385,0.0833333,329.366,0.00303613,0.0052103
716,717,hypercube,1,2000.0,false,protein,1,12,8.0,10000,12,1.13385,0.0833333,333.187,0.00300132,0.00519331
717,718,hypercube,1,2000.0,false,protein,1,12,8.0,10000,14,1.13385,0.0833333,328.008,0.00304871,0.00511968
718,719,hypercube,1,2000.0,false,protein,1,12,8.0,10000,16,1.13385,0.0833333,324.259,0.00308396,0.00516615
719,720,hypercube,1,2000.0,false,protein,1,12,8.0,10000,18,1.13385,0.0833333,331.855,0.00301337,0.00508093
720,721,hypercube,1,2000.0,false,protein,1,12,10.0,10,2,2.35983,0.0,130862.0,7.64167,0.00526027
721,722,hypercube,1,2000.0,false,protein,1,12,10.0,10,4,2.35983,0.0,23197.4,4.31083,0.00526395
722,723,hypercube,1,2000.0,false,protein,1,12,10.0,10,6,2.35983,0.0,7933.88,0.000126042,0.00535677
723,724,hypercube,1,2000.0,false,protein,1,12,10.0,10,8,2.35983,0.0,5551.96,0.000180117,0.00521656
724,725,hypercube,1,2000.0,false,protein,1,12,10.0,10,10,2.35983,0.0,4732.61,0.0002113,0.00530182
725,726,hypercube,1,2000.0,false,protein,1,12,10.0,10,12,2.35983,0.0,4694.84,0.000213,0.00526519
726,727,hypercube,1,2000.0,false,protein,1,12,10.0,10,14,2.35983,0.0,4839.1,0.00020665,0.00521897
727,728,hypercube,1,2000.0,false,protein,1,12,10.0,10,16,2.35983,0.0,4718.84,0.000211917,0.00531649
728,729,hypercube,1,2000.0,false,protein,1,12,10.0,10,18,2.35983,0.0,4979.67,0.000200817,0.00525308
729,730,hypercube,1,2000.0,false,protein,1,12,10.0,100,2,1.89476,0.0,30651.3,3.2625,0.00531248
730,731,hypercube,1,2000.0,false,protein,1,12,10.0,100,4,1.89476,0.0,15766.7,6.3425,0.00526775
731,732,hypercube,1,2000.0,false,protein,1,12,10.0,100,6,1.89476,0.0,6872.85,0.0001455,0.00526455
732,733,hypercube,1,2000.0,false,protein,1,12,10.0,100,8,1.89476,0.0,4747.02,0.000210658,0.00527647
733,734,hypercube,1,2000.0,false,protein,1,12,10.0,100,10,1.89476,0.0,4567.08,0.000218958,0.00532291
734,735,hypercube,1,2000.0,false,protein,1,12,10.0,100,12,1.89476,0.0,4406.26,0.00022695,0.00528311
735,736,hypercube,1,2000.0,false,protein,1,12,10.0,100,14,1.89476,0.0,4351.93,0.000229783,0.00533136
736,737,hypercube,1,2000.0,false,protein,1,12,10.0,100,16,1.89476,0.0,4479.62,0.000223233,0.00531171
737,738,hypercube,1,2000.0,false,protein,1,12,10.0,100,18,1.89476,0.0,4455.5,0.000224442,0.00526204
738,739,hypercube,1,2000.0,false,protein,1,12,10.0,1000,2,1.61786,0.0,3735.87,0.000267675,0.00522784
739,740,hypercube,1,2000.0,false,protein,1,12,10.0,1000,4,1.61786,0.0,3068.98,0.000325842,0.00535023
740,741,hypercube,1,2000.0,false,protein,1,12,10.0,1000,6,1.61786,0.0,2640.73,0.000378683,0.00522679
741,742,hypercube,1,2000.0,false,protein,1,12,10.0,1000,8,1.61786,0.0,2206.37,0.000453233,0.00521983
742,743,hypercube,1,2000.0,false,protein,1,12,10.0,1000,10,1.61786,0.0,2168.61,0.000461125,0.00529034
743,744,hypercube,1,2000.0,false,protein,1,12,10.0,1000,12,1.61786,0.0,2151.08,0.000464883,0.00525389
744,745,hypercube,1,2000.0,false,protein,1,12,10.0,1000,14,1.61786,0.0,2166.1,0.000461658,0.00521706
745,746,hypercube,1,2000.0,false,protein,1,12,10.0,1000,16,1.61786,0.0,2024.94,0.000493842,0.0053021
746,747,hypercube,1,2000.0,false,protein,1,12,10.0,1000,18,1.61786,0.0,2168.69,0.000461108,0.00521498
747,748,hypercube,1,2000.0,false,protein,1,12,10.0,10000,2,1.07181,0.166667,349.643,0.00286006,0.00516181
748,749,hypercube,1,2000.0,false,protein,1,12,10.0,10000,4,1.07181,0.166667,343.487,0.00291132,0.005221
749,750,hypercube,1,2000.0,false,protein,1,12,10.0,10000,6,1.07181,0.166667,338.303,0.00295593,0.00515777
750,751,hypercube,1,2000.0,false,protein,1,12,10.0,10000,8,1.07181,0.166667,330.176,0.00302869,0.00519963
751,752,hypercube,1,2000.0,false,protein,1,12,10.0,10000,10,1.07181,0.166667,311.873,0.00320643,0.00518028
752,753,hypercube,1,2000.0,false,protein,1,12,10.0,10000,12,1.07181,0.166667,336.323,0.00297333,0.00516233
753,754,hypercube,1,2000.0,false,protein,1,12,10.0,10000,14,1.07181,0.166667,327.918,0.00304954,0.00521955
754,755,hypercube,1,2000.0,false,protein,1,12,10.0,10000,16,1.07181,0.166667,328.722,0.00304208,0.00519106
755,756,hypercube,1,2000.0,false,protein,1,12,10.0,10000,18,1.07181,0.166667,318.481,0.00313991,0.00529597
756,757,hypercube,1,2000.0,false,protein,1,12,12.0,10,2,2.27367,0.0,121090.0,8.25833,0.0052814
757,758,hypercube,1,2000.0,false,protein,1,12,12.0,10,4,2.27367,0.0,23246.8,4.30167,0.00519307
758,759,hypercube,1,2000.0,false,protein,1,12,12.0,10,6,2.27367,0.0,7924.45,0.000126192,0.0053338
759,760,hypercube,1,2000.0,false,protein,1,12,12.0,10,8,2.27367,0.0,5312.79,0.000188225,0.00530435
760,761,hypercube,1,2000.0,false,protein,1,12,12.0,10,10,2.27367,0.0,4931.57,0.000202775,0.00519527
761,762,hypercube,1,2000.0,false,protein,1,12,12.0,10,12,2.27367,0.0,4835.2,0.000206817,0.00539745
762,763,hypercube,1,2000.0,false,protein,1,12,12.0,10,14,2.27367,0.0,4894.36,0.000204317,0.00516583
763,764,hypercube,1,2000.0,false,protein,1,12,12.0,10,16,2.27367,0.0,4846.53,0.000206333,0.00520106
764,765,hypercube,1,2000.0,false,protein,1,12,12.0,10,18,2.27367,0.0,4821.6,0.0002074,0.00534769
765,766,hypercube,1,2000.0,false,protein,1,12,12.0,100,2,1.91267,0.0,31562.3,3.16833,0.00518381
766,767,hypercube,1,2000.0,false,protein,1,12,12.0,100,4,1.91267,0.0,14287.4,6.99917,0.00528053
767,768,hypercube,1,2000.0,false,protein,1,12,12.0,100,6,1.91267,0.0,6120.58,0.000163383,0.00522103
768,769,hypercube,1,2000.0,false,protein,1,12,12.0,100,8,1.91267,0.0,4834.23,0.000206858,0.00522383
769,770,hypercube,1,2000.0,false,protein,1,12,12.0,100,10,1.91267,0.0,4488.67,0.000222783,0.00540906
770,771,hypercube,1,2000.0,false,protein,1,12,12.0,100,12,1.91267,0.0,4368.4,0.000228917,0.00521522
771,772,hypercube,1,2000.0,false,protein,1,12,12.0,100,14,1.91267,0.0,4363.64,0.000229167,0.00526147
772,773,hypercube,1,2000.0,false,protein,1,12,12.0,100,16,1.91267,0.0,4215.85,0.0002372,0.00526662
773,774,hypercube,1,2000.0,false,protein,1,12,12.0,100,18,1.91267,0.0,4348.77,0.00022995,0.00522945
774,775,hypercube,1,2000.0,false,protein,1,12,12.0,1000,2,1.52678,0.0,3364.17,0.00029725,0.00537576
775,776,hypercube,1,2000.0,false,protein,1,12,12.0,1000,4,1.52678,0.0,3070.07,0.000325725,0.00518511
776,777,hypercube,1,2000.0,false,protein,1,12,12.0,1000,6,1.52678,0.0,2547.12,0.0003926,0.00530623
777,778,hypercube,1,2000.0,false,protein,1,12,12.0,1000,8,1.52678,0.0,2120.4,0.000471608,0.00525673
778,779,hypercube,1,2000.0,false,protein,1,12,12.0,1000,10,1.52678,0.0,2069.11,0.0004833,0.00522218
779,780,hypercube,1,2000.0,false,protein,1,12,12.0,1000,12,1.52678,0.0,2047.57,0.000488383,0.00529431
780,781,hypercube,1,2000.0,false,protein,1,12,12.0,1000,14,1.52678,0.0,1967.44,0.000508275,0.00534129
781,782,hypercube,1,2000.0,false,protein,1,12,12.0,1000,16,1.52678,0.0,2073.58,0.000482258,0.00517788
782,783,hypercube,1,2000.0,false,protein,1,12,12.0,1000,18,1.52678,0.0,2049.95,0.000487817,0.00530343
783,784,hypercube,1,2000.0,false,protein,1,12,12.0,10000,2,1.03672,0.25,372.766,0.00268265,0.0050494
784,785,hypercube,1,2000.0,false,protein,1,12,12.0,10000,4,1.03672,0.25,371.68,0.00269048,0.0050506
785,786,hypercube,1,2000.0,false,protein,1,12,12.0,10000,6,1.03672,0.25,357.965,0.00279357,0.00535879
786,787,hypercube,1,2000.0,false,protein,1,12,12.0,10000,8,1.03672,0.25,345.407,0.00289513,0.00518327
787,788,hypercube,1,2000.0,false,protein,1,12,12.0,10000,10,1.03672,0.25,338.403,0.00295506,0.00513997
788,789,hypercube,1,2000.0,false,protein,1,12,12.0,10000,12,1.03672,0.25,346.173,0.00288873,0.00521112
789,790,hypercube,1,2000.0,false,protein,1,12,12.0,10000,14,1.03672,0.25,343.863,0.00290813,0.00513282
790,791,hypercube,1,2000.0,false,protein,1,12,12.0,10000,16,1.03672,0.25,339.809,0.00294283,0.00513822
791,792,hypercube,1,2000.0,false,protein,1,12,12.0,10000,18,1.03672,0.25,346.775,0.00288372,0.00517547
792,793,hypercube,1,2000.0,false,protein,1,12,15.0,10,2,2.31714,0.0,129450.0,7.725,0.00524469
793,794,hypercube,1,2000.0,false,protein,1,12,15.0,10,4,2.31714,0.0,22731.6,4.39917,0.00521666
794,795,hypercube,1,2000.0,false,protein,1,12,15.0,10,6,2.31714,0.0,8201.2,0.000121933,0.00527824
795,796,hypercube,1,2000.0,false,protein,1,12,15.0,10,8,2.31714,0.0,5520.03,0.000181158,0.00521502
796,797,hypercube,1,2000.0,false,protein,1,12,15.0,10,10,2.31714,0.0,5003.54,0.000199858,0.00524819
797,798,hypercube,1,2000.0,false,protein,1,12,15.0,10,12,2.31714,0.0,4912.8,0.00020355,0.00525559
798,799,hypercube,1,2000.0,false,protein,1,12,15.0,10,14,2.31714,0.0,4827.42,0.00020715,0.00525234
799,800,hypercube,1,2000.0,false,protein,1,12,15.0,10,16,2.31714,0.0,4508.91,0.000221783,0.00532817
800,801,hypercube,1,2000.0,false,protein,1,12,15.0,10,18,2.31714,0.0,4835.78,0.000206792,0.00522176
801,802,hypercube,1,2000.0,false,protein,1,12,15.0,100,2,1.8967,0.0,33149.2,3.01667,0.00536551
802,803,hypercube,1,2000.0,false,protein,1,12,15.0,100,4,1.8967,0.0,16380.0,6.105,0.00529759
803,804,hypercube,1,2000.0,false,protein,1,12,15.0,100,6,1.8967,0.0,6821.28,0.0001466,0.0052928
804,805,hypercube,1,2000.0,false,protein,1,12,15.0,100,8,1.8967,0.0,4908.18,0.000203742,0.00525968
805,806,hypercube,1,2000.0,false,protein,1,12,15.0,100,10,1.8967,0.0,4528.99,0.0002208,0.00524689
806,807,hypercube,1,2000.0,false,protein,1,12,15.0,100,12,1.8967,0.0,4364.59,0.000229117,0.00526572
807,808,hypercube,1,2000.0,false,protein,1,12,15.0,100,14,1.8967,0.0,4443.95,0.000225025,0.00527321
808,809,hypercube,1,2000.0,false,protein,1,12,15.0,100,16,1.8967,0.0,4326.51,0.000231133,0.0056965
809,810,hypercube,1,2000.0,false,protein,1,12,15.0,100,18,1.8967,0.0,4247.19,0.00023545,0.00562732
810,811,hypercube,1,2000.0,false,protein,1,12,15.0,1000,2,1.61523,0.0,4083.99,0.000244858,0.00520802
811,812,hypercube,1,2000.0,false,protein,1,12,15.0,1000,4,1.61523,0.0,3455.43,0.0002894,0.00528073
812,813,hypercube,1,2000.0,false,protein,1,12,15.0,1000,6,1.61523,0.0,2715.79,0.000368217,0.00523447
813,814,hypercube,1,2000.0,false,protein,1,12,15.0,1000,8,1.61523,0.0,2329.64,0.00042925,0.00520697
814,815,hypercube,1,2000.0,false,protein,1,12,15.0,1000,10,1.61523,0.0,2261.46,0.000442192,0.0055917
815,816,hypercube,1,2000.0,false,protein,1,12,15.0,1000,12,1.61523,0.0,2193.58,0.000455875,0.00523273
816,817,hypercube,1,2000.0,false,protein,1,12,15.0,1000,14,1.61523,0.0,2193.5,0.000455892,0.00524515
817,818,hypercube,1,2000.0,false,protein,1,12,15.0,1000,16,1.61523,0.0,2252.21,0.000444008,0.00524252
818,819,hypercube,1,2000.0,false,protein,1,12,15.0,1000,18,1.61523,0.0,2209.58,0.000452575,0.00527559
819,820,hypercube,1,2000.0,false,protein,1,12,15.0,10000,2,1.0972,0.166667,412.135,0.00242639,0.00524082
820,821,hypercube,1,2000.0,false,protein,1,12,15.0,10000,4,1.0972,0.166667,400.693,0.00249567,0.00518775
821,822,hypercube,1,2000.0,false,protein,1,12,15.0,10000,6,1.0972,0.166667,388.507,0.00257396,0.00517914
822,823,hypercube,1,2000.0,false,protein,1,12,15.0,10000,8,1.0972,0.166667,374.415,0.00267083,0.00515526
823,824,hypercube,1,2000.0,false,protein,1,12,15.0,10000,10,1.0972,0.166667,378.561,0.00264158,0.00512716
824,825,hypercube,1,2000.0,false,protein,1,12,15.0,10000,12,1.0972,0.166667,382.185,0.00261653,0.00509966
825,826,hypercube,1,2000.0,false,protein,1,12,15.0,10000,14,1.0972,0.166667,371.92,0.00268875,0.00539587
826,827,hypercube,1,2000.0,false,protein,1,12,15.0,10000,16,1.0972,0.166667,372.264,0.00268627,0.00529413
827,828,hypercube,1,2000.0,false,protein,1,12,15.0,10000,18,1.0972,0.166667,374.494,0.00267027,0.00506891
828,829,hypercube,1,2000.0,false,protein,1,12,20.0,10,2,2.35558,0.0,143369.0,6.975,0.00531786
829,830,hypercube,1,2000.0,false,protein,1,12,20.0,10,4,2.35558,0.0,24365.5,4.10417,0.00524356
830,831,hypercube,1,2000.0,false,protein,1,12,20.0,10,6,2.35558,0.0,8279.86,0.000120775,0.00519177
831,832,hypercube,1,2000.0,false,protein,1,12,20.0,10,8,2.35558,0.0,5383.58,0.00018575,0.0052751
832,833,hypercube,1,2000.0,false,protein,1,12,20.0,10,10,2.35558,0.0,4870.53,0.000205317,0.00521314
833,834,hypercube,1,2000.0,false,protein,1,12,20.0,10,12,2.35558,0.0,4995.63,0.000200175,0.00530417
834,835,hypercube,1,2000.0,false,protein,1,12,20.0,10,14,2.35558,0.0,4833.45,0.000206892,0.00523543
835,836,hypercube,1,2000.0,false,protein,1,12,20.0,10,16,2.35558,0.0,4880.03,0.000204917,0.00519914
836,837,hypercube,1,2000.0,false,protein,1,12,20.0,10,18,2.35558,0.0,4816.76,0.000207608,0.00539088
837,838,hypercube,1,2000.0,false,protein,1,12,20.0,100,2,1.90415,0.0,38747.2,2.58083,0.00530963
838,839,hypercube,1,2000.0,false,protein,1,12,20.0,100,4,1.90415,0.0,15343.3,6.5175,0.00534288
839,840,hypercube,1,2000.0,false,protein,1,12,20.0,100,6,1.90415,0.0,6707.66,0.000149083,0.00536862
840,841,hypercube,1,2000.0,false,protein,1,12,20.0,100,8,1.90415,0.0,5086.25,0.000196608,0.00518605
841,842,hypercube,1,2000.0,false,protein,1,12,20.0,100,10,1.90415,0.0,4598.93,0.000217442,0.0052396
842,843,hypercube,1,2000.0,false,protein,1,12,20.0,100,12,1.90415,0.0,4072.9,0.000245525,0.00532254
843,844,hypercube,1,2000.0,false,protein,1,12,20.0,100,14,1.90415,0.0,4452.36,0.0002246,0.005183
844,845,hypercube,1,2000.0,false,protein,1,12,20.0,100,16,1.90415,0.0,4345.15,0.000230142,0.00529934
845,846,hypercube,1,2000.0,false,protein,1,12,20.0,100,18,1.90415,0.0,4403.67,0.000227083,0.00533135
846,847,hypercube,1,2000.0,false,protein,1,12,20.0,1000,2,1.69307,0.0,4086.92,0.000244683,0.005277
847,848,hypercube,1,2000.0,false,protein,1,12,20.0,1000,4,1.69307,0.0,3994.54,0.000250342,0.00530461
848,849,hypercube,1,2000.0,false,protein,1,12,20.0,1000,6,1.69307,0.0,3068.82,0.000325858,0.00527309
849,850,hypercube,1,2000.0,false,protein,1,12,20.0,1000,8,1.69307,0.0,2566.24,0.000389675,0.00529111
850,851,hypercube,1,2000.0,false,protein,1,12,20.0,1000,10,1.69307,0.0,2408.91,0.000415125,0.00529106
851,852,hypercube,1,2000.0,false,protein,1,12,20.0,1000,12,1.69307,0.0,2466.19,0.000405483,0.00526057
852,853,hypercube,1,2000.0,false,protein,1,12,20.0,1000,14,1.69307,0.0,2332.04,0.000428808,0.00541908
853,854,hypercube,1,2000.0,false,protein,1,12,20.0,1000,16,1.69307,0.0,2523.82,0.000396225,0.00522111
854,855,hypercube,1,2000.0,false,protein,1,12,20.0,1000,18,1.69307,0.0,2503.6,0.000399425,0.0052931
855,856,hypercube,1,2000.0,false,protein,1,12,20.0,10000,2,1.2029,0.0,433.996,0.00230417,0.00529241
856,857,hypercube,1,2000.0,false,protein,1,12,20.0,10000,4,1.2029,0.0,437.618,0.0022851,0.00516863
857,858,hypercube,1,2000.0,false,protein,1,12,20.0,10000,6,1.2029,0.0,417.396,0.00239581,0.00510261
858,859,hypercube,1,2000.0,false,protein,1,12,20.0,10000,8,1.2029,0.0,414.482,0.00241265,0.00514457
859,860,hypercube,1,2000.0,false,protein,1,12,20.0,10000,10,1.2029,0.0,407.754,0.00245246,0.0052864
860,861,hypercube,1,2000.0,false,protein,1,12,20.0,10000,12,1.2029,0.0,411.453,0.00243041,0.00523666
861,862,hypercube,1,2000.0,false,protein,1,12,20.0,10000,14,1.2029,0.0,409.699,0.00244082,0.00516947
862,863,hypercube,1,2000.0,false,protein,1,12,20.0,10000,16,1.2029,0.0,409.285,0.00244328,0.00520986
863,864,hypercube,1,2000.0,false,protein,1,12,20.0,10000,18,1.2029,0.0,403.395,0.00247896,0.00523187
864,865,hypercube,1,2000.0,false,protein,1,14,3.0,10,2,1.93344,0.0,72815.5,1.37333,0.00523776
865,866,hypercube,1,2000.0,false,protein,1,14,3.0,10,4,1.93344,0.0,12305.2,8.12667,0.00523397
866,867,hypercube,1,2000.0,false,protein,1,14,3.0,10,6,1.93344,0.0,3187.67,0.000313708,0.00532251
867,868,hypercube,1,2000.0,false,protein,1,14,3.0,10,8,1.93344,0.0,1670.31,0.000598692,0.00522551
868,869,hypercube,1,2000.0,false,protein,1,14,3.0,10,10,1.93344,0.0,1357.42,0.000736692,0.00524243
869,870,hypercube,1,2000.0,false,protein,1,14,3.0,10,12,1.93344,0.0,1280.66,0.00078085,0.00529843
870,871,hypercube,1,2000.0,false,protein,1,14,3.0,10,14,1.93344,0.0,1276.43,0.000783433,0.00530575
871,872,hypercube,1,2000.0,false,protein,1,14,3.0,10,16,1.93344,0.0,1279.89,0.000781317,0.00533418
872,873,hypercube,1,2000.0,false,protein,1,14,3.0,10,18,1.93344,0.0,1264.0,0.000791142,0.00516465
873,874,hypercube,1,2000.0,false,protein,1,14,3.0,100,2,1.36471,0.0,17462.2,5.72667,0.00545557
874,875,hypercube,1,2000.0,false,protein,1,14,3.0,100,4,1.34716,0.0,7720.52,0.000129525,0.00523226
875,876,hypercube,1,2000.0,false,protein,1,14,3.0,100,6,1.34716,0.0,2872.67,0.000348108,0.00523338
876,877,hypercube,1,2000.0,false,protein,1,14,3.0,100,8,1.34716,0.0,1553.66,0.000643642,0.00519534
877,878,hypercube,1,2000.0,false,protein,1,14,3.0,100,10,1.34716,0.0,1259.97,0.000793667,0.00534661
878,879,hypercube,1,2000.0,false,protein,1,14,3.0,100,12,1.34716,0.0,1238.29,0.000807567,0.00518306
879,880,hypercube,1,2000.0,false,protein,1,14,3.0,100,14,1.34716,0.0,1242.92,0.000804558,0.00528758
880,881,hypercube,1,2000.0,false,protein,1,14,3.0,100,16,1.34716,0.0,1240.95,0.000805833,0.00518057
881,882,hypercube,1,2000.0,false,protein,1,14,3.0,100,18,1.34716,0.0,1187.6,0.000842033,0.0052192
882,883,hypercube,1,2000.0,false,protein,1,14,3.0,1000,2,1.29017,0.0,3218.88,0.000310667,0.00513939
883,884,hypercube,1,2000.0,false,protein,1,14,3.0,1000,4,1.16478,0.0833333,2211.08,0.000452267,0.00529771
884,885,hypercube,1,2000.0,false,protein,1,14,3.0,1000,6,1.16478,0.0833333,1434.43,0.000697142,0.00524138
885,886,hypercube,1,2000.0,false,protein,1,14,3.0,1000,8,1.16478,0.0833333,1022.26,0.000978225,0.00514033
886,887,hypercube,1,2000.0,false,protein,1,14,3.0,1000,10,1.16478,0.0833333,848.908,0.00117798,0.00537415
887,888,hypercube,1,2000.0,false,protein,1,14,3.0,1000,12,1.16478,0.0833333,871.992,0.0011468,0.00524669
888,889,hypercube,1,2000.0,false,protein,1,14,3.0,1000,14,1.16478,0.0833333,850.057,0.00117639,0.00522669
889,890,hypercube,1,2000.0,false,protein,1,14,3.0,1000,16,1.16478,0.0833333,852.739,0.00117269,0.00527461
890,891,hypercube,1,2000.0,false,protein,1,14,3.0,1000,18,1.16478,0.0833333,854.926,0.00116969,0.00525192
891,892,hypercube,1,2000.0,false,protein,1,14,3.0,10000,2,1.26846,0.0833333,1250.86,0.00079945,0.00526125
892,893,hypercube,1,2000.0,false,protein,1,14,3.0,10000,4,1.01572,0.25,350.342,0.00285435,0.0051647
893,894,hypercube,1,2000.0,false,protein,1,14,3.0,10000,6,1.01572,0.25,302.552,0.00330522,0.00507077
894,895,hypercube,1,2000.0,false,protein,1,14,3.0,10000,8,1.01572,0.25,264.564,0.00377981,0.00510765
895,896,hypercube,1,2000.0,false,protein,1,14,3.0,10000,10,1.01572,0.25,255.819,0.00390901,0.00512802
896,897,hypercube,1,2000.0,false,protein,1,14,3.0,10000,12,1.01572,0.25,254.295,0.00393244,0.0050662
897,898,hypercube,1,2000.0,false,protein,1,14,3.0,10000,14,1.01572,0.25,265.85,0.00376152,0.00516372
898,899,hypercube,1,2000.0,false,protein,1,14,3.0,10000,16,1.01572,0.25,254.341,0.00393173,0.00511449
899,900,hypercube,1,2000.0,false,protein,1,14,3.0,10000,18,1.01572,0.25,255.152,0.00391923,0.00524198
900,901,hypercube,1,2000.0,false,protein,1,14,4.0,10,2,1.85241,0.0833333,74165.6,1.34833,0.00542167
901,902,hypercube,1,2000.0,false,protein,1,14,4.0,10,4,1.85241,0.0833333,12770.0,7.83083,0.00517649
902,903,hypercube,1,2000.0,false,protein,1,14,4.0,10,6,1.85241,0.0833333,3228.58,0.000309733,0.00528814
903,904,hypercube,1,2000.0,false,protein,1,14,4.0,10,8,1.85241,0.0833333,1651.55,0.000605492,0.00522064
904,905,hypercube,1,2000.0,false,protein,1,14,4.0,10,10,1.85241,0.0833333,1358.74,0.000735975,0.00534362
905,906,hypercube,1,2000.0,false,protein,1,14,4.0,10,12,1.85241,0.0833333,1309.53,0.000763633,0.00517669
906,907,hypercube,1,2000.0,false,protein,1,14,4.0,10,14,1.85241,0.0833333,1288.96,0.000775817,0.00535537
907,908,hypercube,1,2000.0,false,protein,1,14,4.0,10,16,1.85241,0.0833333,1255.7,0.000796367,0.00538635
908,909,hypercube,1,2000.0,false,protein,1,14,4.0,10,18,1.85241,0.0833333,1292.57,0.00077365,0.00521565
909,910,hypercube,1,2000.0,false,protein,1,14,4.0,100,2,1.41726,0.166667,16227.2,6.1625,0.0053153
910,911,hypercube,1,2000.0,false,protein,1,14,4.0,100,4,1.41726,0.166667,7335.41,0.000136325,0.00522326
911,912,hypercube,1,2000.0,false,protein,1,14,4.0,100,6,1.41726,0.166667,2888.64,0.000346183,0.00530297
912,913,hypercube,1,2000.0,false,protein,1,14,4.0,100,8,1.41726,0.166667,1512.29,0.00066125,0.00518648
913,914,hypercube,1,2000.0,false,protein,1,14,4.0,100,10,1.41726,0.166667,1260.42,0.000793383,0.00530612
914,915,hypercube,1,2000.0,false,protein,1,14,4.0,100,12,1.41726,0.166667,1228.38,0.000814083,0.00520702
915,916,hypercube,1,2000.0,false,protein,1,14,4.0,100,14,1.41726,0.166667,1186.22,0.000843017,0.00524746
916,917,hypercube,1,2000.0,false,protein,1,14,4.0,100,16,1.41726,0.166667,1181.77,0.000846192,0.0053518
917,918,hypercube,1,2000.0,false,protein,1,14,4.0,100,18,1.41726,0.166667,1195.35,0.000836575,0.00529568
918,919,hypercube,1,2000.0,false,protein,1,14,4.0,1000,2,1.2235,0.166667,3060.99,0.000326692,0.00515867
919,920,hypercube,1,2000.0,false,protein,1,14,4.0,1000,4,1.14668,0.25,2139.23,0.000467458,0.00530165
920,921,hypercube,1,2000.0,false,protein,1,14,4.0,1000,6,1.14668,0.25,1504.04,0.000664875,0.00518001
921,922,hypercube,1,2000.0,false,protein,1,14,4.0,1000,8,1.14668,0.25,1036.02,0.000965233,0.00523715
922,923,hypercube,1,2000.0,false,protein,1,14,4.0,1000,10,1.14668,0.25,893.469,0.00111923,0.00525807
923,924,hypercube,1,2000.0,false,protein,1,14,4.0,1000,12,1.14668,0.25,860.493,0.00116212,0.00524676
924,925,hypercube,1,2000.0,false,protein,1,14,4.0,1000,14,1.14668,0.25,854.178,0.00117072,0.00525217
925,926,hypercube,1,2000.0,false,protein,1,14,4.0,1000,16,1.14668,0.25,872.22,0.0011465,0.00517814
926,927,hypercube,1,2000.0,false,protein,1,14,4.0,1000,18,1.14668,0.25,870.631,0.00114859,0.00531255
927,928,hypercube,1,2000.0,false,protein,1,14,4.0,10000,2,1.09692,0.166667,1296.02,0.000771592,0.00509585
928,929,hypercube,1,2000.0,false,protein,1,14,4.0,10000,4,1.00513,0.25,365.246,0.00273788,0.00509602
929,930,hypercube,1,2000.0,false,protein,1,14,4.0,10000,6,1.00513,0.25,290.209,0.00344579,0.00510267
930,931,hypercube,1,2000.0,false,protein,1,14,4.0,10000,8,1.00513,0.25,265.158,0.00377134,0.00513897
931,932,hypercube,1,2000.0,false,protein,1,14,4.0,10000,10,1.00513,0.25,257.09,0.00388968,0.00509857
932,933,hypercube,1,2000.0,false,protein,1,14,4.0,10000,12,1.00513,0.25,260.182,0.00384347,0.00521445
933,934,hypercube,1,2000.0,false,protein,1,14,4.0,10000,14,1.00513,0.25,236.327,0.00423143,0.00594639
934,935,hypercube,1,2000.0,false,protein,1,14,4.0,10000,16,1.00513,0.25,254.651,0.00392694,0.00510059
935,936,hypercube,1,2000.0,false,protein,1,14,4.0,10000,18,1.00513,0.25,259.474,0.00385395,0.00506391
936,937,hypercube,1,2000.0,false,protein,1,14,5.0,10,2,1.94341,0.0833333,87976.5,1.13667,0.00528247
937,938,hypercube,1,2000.0,false,protein,1,14,5.0,10,4,1.94341,0.0833333,12221.2,8.1825,0.00528408
938,939,hypercube,1,2000.0,false,protein,1,14,5.0,10,6,1.94341,0.0833333,3223.21,0.00031025,0.00529142
939,940,hypercube,1,2000.0,false,protein,1,14,5.0,10,8,1.94341,0.0833333,1670.47,0.000598633,0.00519338
940,941,hypercube,1,2000.0,false,protein,1,14,5.0,10,10,1.94341,0.0833333,1317.48,0.000759025,0.00544042
941,942,hypercube,1,2000.0,false,protein,1,14,5.0,10,12,1.94341,0.0833333,1301.73,0.000768208,0.00529077
942,943,hypercube,1,2000.0,false,protein,1,14,5.0,10,14,1.94341,0.0833333,1263.78,0.000791275,0.00528693
943,944,hypercube,1,2000.0,false,protein,1,14,5.0,10,16,1.94341,0.0833333,1216.48,0.000822042,0.00547052
944,945,hypercube,1,2000.0,false,protein,1,14,5.0,10,18,1.94341,0.0833333,1270.9,0.000786842,0.00519597
945,946,hypercube,1,2000.0,false,protein,1,14,5.0,100,2,1.36445,0.166667,19236.9,5.19833,0.00532088
946,947,hypercube,1,2000.0,false,protein,1,14,5.0,100,4,1.36445,0.166667,8289.01,0.000120642,0.00524337
947,948,hypercube,1,2000.0,false,protein,1,14,5.0,100,6,1.36445,0.166667,2834.07,0.00035285,0.00530128
948,949,hypercube,1,2000.0,false,protein,1,14,5.0,100,8,1.36445,0.166667,1546.13,0.000646775,0.00518435
949,950,hypercube,1,2000.0,false,protein,1,14,5.0,100,10,1.36445,0.166667,1280.36,0.000781033,0.00532093
950,951,hypercube,1,2000.0,false,protein,1,14,5.0,100,12,1.36445,0.166667,1223.69,0.0008172,0.00515041
951,952,hypercube,1,2000.0,false,protein,1,14,5.0,100,14,1.36445,0.166667,1200.86,0.000832733,0.00528001
952,953,hypercube,1,2000.0,false,protein,1,14,5.0,100,16,1.36445,0.166667,1237.83,0.000807867,0.00523299
953,954,hypercube,1,2000.0,false,protein,1,14,5.0,100,18,1.36445,0.166667,1203.45,0.000830942,0.00527136
954,955,hypercube,1,2000.0,false,protein,1,14,5.0,1000,2,1.08542,0.25,2691.85,0.000371492,0.00532057
955,956,hypercube,1,2000.0,false,protein,1,14,5.0,1000,4,1.08542,0.25,2308.0,0.000433275,0.00525897
956,957,hypercube,1,2000.0,false,protein,1,14,5.0,1000,6,1.08542,0.25,1485.04,0.000673383,0.00528405
957,958,hypercube,1,2000.0,false,protein,1,14,5.0,1000,8,1.08542,0.25,1015.98,0.000984267,0.00522412
958,959,hypercube,1,2000.0,false,protein,1,14,5.0,1000,10,1.08542,0.25,866.545,0.00115401,0.0052124
959,960,hypercube,1,2000.0,false,protein,1,14,5.0,1000,12,1.08542,0.25,873.731,0.00114452,0.00553114
960,961,hypercube,1,2000.0,false,protein,1,14,5.0,1000,14,1.08542,0.25,862.422,0.00115953,0.00522726
961,962,hypercube,1,2000.0,false,protein,1,14,5.0,1000,16,1.08542,0.25,866.827,0.00115363,0.00517172
962,963,hypercube,1,2000.0,false,protein,1,14,5.0,1000,18,1.08542,0.25,867.215,0.00115312,0.00512606
963,964,hypercube,1,2000.0,false,protein,1,14,5.0,10000,2,1.01121,0.25,516.825,0.00193489,0.00529335
964,965,hypercube,1,2000.0,false,protein,1,14,5.0,10000,4,1.00546,0.25,323.023,0.00309576,0.00528949
965,966,hypercube,1,2000.0,false,protein,1,14,5.0,10000,6,1.00546,0.25,312.533,0.00319967,0.00515472
966,967,hypercube,1,2000.0,false,protein,1,14,5.0,10000,8,1.00546,0.25,277.775,0.00360004,0.00514608
967,968,hypercube,1,2000.0,false,protein,1,14,5.0,10000,10,1.00546,0.25,270.693,0.00369423,0.00512451
968,969,hypercube,1,2000.0,false,protein,1,14,5.0,10000,12,1.00546,0.25,270.446,0.0036976,0.00520484
969,970,hypercube,1,2000.0,false,protein,1,14,5.0,10000,14,1.00546,0.25,262.521,0.00380923,0.00514073
970,971,hypercube,1,2000.0,false,protein,1,14,5.0,10000,16,1.00546,0.25,259.99,0.0038463,0.00520887
971,972,hypercube,1,2000.0,false,protein,1,14,5.0,10000,18,1.00546,0.25,266.62,0.00375065,0.00515216
972,973,hypercube,1,2000.0,false,protein,1,14,8.0,10,2,1.84202,0.0,84925.7,1.1775,0.00519048
973,974,hypercube,1,2000.0,false,protein,1,14,8.0,10,4,1.84202,0.0,11652.7,8.58167,0.00535452
974,975,hypercube,1,2000.0,false,protein,1,14,8.0,10,6,1.84202,0.0,3271.54,0.000305667,0.00531696
975,976,hypercube,1,2000.0,false,protein,1,14,8.0,10,8,1.84202,0.0,1655.88,0.000603908,0.00533274
976,977,hypercube,1,2000.0,false,protein,1,14,8.0,10,10,1.84202,0.0,1305.26,0.000766133,0.00524092
977,978,hypercube,1,2000.0,false,protein,1,14,8.0,10,12,1.84202,0.0,1233.3,0.000810833,0.00532857
978,979,hypercube,1,2000.0,false,protein,1,14,8.0,10,14,1.84202,0.0,1311.13,0.0007627,0.00530556
979,980,hypercube,1,2000.0,false,protein,1,14,8.0,10,16,1.84202,0.0,1265.9,0.00078995,0.00527088
980,981,hypercube,1,2000.0,false,protein,1,14,8.0,10,18,1.84202,0.0,1288.88,0.000775867,0.00531704
981,982,hypercube,1,2000.0,false,protein,1,14,8.0,100,2,1.27119,0.25,17804.2,5.61667,0.0052082
982,983,hypercube,1,2000.0,false,protein,1,14,8.0,100,4,1.27119,0.25,7989.35,0.000125167,0.00529452
983,984,hypercube,1,2000.0,false,protein,1,14,8.0,100,6,1.27119,0.25,2831.59,0.000353158,0.00521769
984,985,hypercube,1,2000.0,false,protein,1,14,8.0,100,8,1.27119,0.25,1494.79,0.000668992,0.00541905
985,986,hypercube,1,2000.0,false,protein,1,14,8.0,100,10,1.27119,0.25,1287.91,0.00077645,0.00533552
986,987,hypercube,1,2000.0,false,protein,1,14,8.0,100,12,1.27119,0.25,1203.66,0.0008308,0.00526772
987,988,hypercube,1,2000.0,false,protein,1,14,8.0,100,14,1.27119,0.25,1199.18,0.0008339,0.0052636
988,989,hypercube,1,2000.0,false,protein,1,14,8.0,100,16,1.27119,0.25,1202.78,0.000831408,0.00527128
989,990,hypercube,1,2000.0,false,protein,1,14,8.0,100,18,1.27119,0.25,1198.74,0.000834208,0.00519698
990,991,hypercube,1,2000.0,false,protein,1,14,8.0,1000,2,1.04904,0.25,2789.92,0.000358433,0.00538386
991,992,hypercube,1,2000.0,false,protein,1,14,8.0,1000,4,1.04904,0.25,2264.36,0.000441625,0.00522015
992,993,hypercube,1,2000.0,false,protein,1,14,8.0,1000,6,1.04904,0.25,1441.96,0.0006935,0.00525487
993,994,hypercube,1,2000.0,false,protein,1,14,8.0,1000,8,1.04904,0.25,999.775,0.00100022,0.00520506
994,995,hypercube,1,2000.0,false,protein,1,14,8.0,1000,10,1.04904,0.25,821.159,0.00121779,0.00595838
995,996,hypercube,1,2000.0,false,protein,1,14,8.0,1000,12,1.04904,0.25,812.249,0.00123115,0.00597304
996,997,hypercube,1,2000.0,false,protein,1,14,8.0,1000,14,1.04904,0.25,794.87,0.00125807,0.0062181
997,998,hypercube,1,2000.0,false,protein,1,14,8.0,1000,16,1.04904,0.25,862.366,0.0011596,0.00522981
998,999,hypercube,1,2000.0,false,protein,1,14,8.0,1000,18,1.04904,0.25,830.904,0.00120351,0.00522177
999,1000,hypercube,1,2000.0,false,protein,1,14,8.0,10000,2,1.0171,0.25,878.059,0.00113887,0.00520906
1000,1001,hypercube,1,2000.0,false,protein,1,14,8.0,10000,4,1.00536,0.25,367.705,0.00271958,0.00521992
1001,1002,hypercube,1,2000.0,false,protein,1,14,8.0,10000,6,1.00536,0.25,302.317,0.00330779,0.00515763
1002,1003,hypercube,1,2000.0,false,protein,1,14,8.0,10000,8,1.00536,0.25,269.892,0.00370518,0.00519059
1003,1004,hypercube,1,2000.0,false,protein,1,14,8.0,10000,10,1.00536,0.25,235.599,0.00424449,0.00586228
1004,1005,hypercube,1,2000.0,false,protein,1,14,8.0,10000,12,1.00536,0.25,264.283,0.00378382,0.00526017
1005,1006,hypercube,1,2000.0,false,protein,1,14,8.0,10000,14,1.00536,0.25,258.973,0.00386141,0.0051197
1006,1007,hypercube,1,2000.0,false,protein,1,14,8.0,10000,16,1.00536,0.25,252.716,0.00395702,0.00522976
1007,1008,hypercube,1,2000.0,false,protein,1,14,8.0,10000,18,1.00536,0.25,259.063,0.00386007,0.00519049
1008,1009,hypercube,1,2000.0,false,protein,1,14,10.0,10,2,2.08592,0.0,85348.5,1.17167,0.00547916
1009,1010,hypercube,1,2000.0,false,protein,1,14,10.0,10,4,2.08592,0.0,12036.1,8.30833,0.00618521
1010,1011,hypercube,1,2000.0,false,protein,1,14,10.0,10,6,2.08592,0.0,3195.65,0.000312925,0.00618976
1011,1012,hypercube,1,2000.0,false,protein,1,14,10.0,10,8,2.08592,0.0,1542.32,0.000648375,0.00544722
1012,1013,hypercube,1,2000.0,false,protein,1,14,10.0,10,10,2.08592,0.0,1332.1,0.000750692,0.00522425
1013,1014,hypercube,1,2000.0,false,protein,1,14,10.0,10,12,2.08592,0.0,1251.67,0.000798933,0.00523005
1014,1015,hypercube,1,2000.0,false,protein,1,14,10.0,10,14,2.08592,0.0,1252.92,0.000798133,0.00528766
1015,1016,hypercube,1,2000.0,false,protein,1,14,10.0,10,16,2.08592,0.0,1304.25,0.000766725,0.00527368
1016,1017,hypercube,1,2000.0,false,protein,1,14,10.0,10,18,2.08592,0.0,1295.57,0.000771858,0.00525156
1017,1018,hypercube,1,2000.0,false,protein,1,14,10.0,100,2,1.5692,0.166667,19038.6,5.2525,0.00520146
1018,1019,hypercube,1,2000.0,false,protein,1,14,10.0,100,4,1.5692,0.166667,8075.37,0.000123833,0.00519839
1019,1020,hypercube,1,2000.0,false,protein,1,14,10.0,100,6,1.5692,0.166667,2900.16,0.000344808,0.00517187
1020,1021,hypercube,1,2000.0,false,protein,1,14,10.0,100,8,1.5692,0.166667,1507.37,0.000663408,0.00536963
1021,1022,hypercube,1,2000.0,false,protein,1,14,10.0,100,10,1.5692,0.166667,1286.84,0.0007771,0.00524938
1022,1023,hypercube,1,2000.0,false,protein,1,14,10.0,100,12,1.5692,0.166667,1187.57,0.000842058,0.00524685
1023,1024,hypercube,1,2000.0,false,protein,1,14,10.0,100,14,1.5692,0.166667,1211.71,0.000825283,0.00520802
1024,1025,hypercube,1,2000.0,false,protein,1,14,10.0,100,16,1.5692,0.166667,1210.91,0.000825825,0.0052879
1025,1026,hypercube,1,2000.0,false,protein,1,14,10.0,100,18,1.5692,0.166667,1219.55,0.000819975,0.00538053
1026,1027,hypercube,1,2000.0,false,protein,1,14,10.0,1000,2,1.32911,0.25,2639.74,0.000378825,0.00538816
1027,1028,hypercube,1,2000.0,false,protein,1,14,10.0,1000,4,1.32911,0.25,2347.19,0.000426042,0.00523782
1028,1029,hypercube,1,2000.0,false,protein,1,14,10.0,1000,6,1.32911,0.25,1477.14,0.000676983,0.00531626
1029,1030,hypercube,1,2000.0,false,protein,1,14,10.0,1000,8,1.32911,0.25,1062.27,0.000941383,0.00517665
1030,1031,hypercube,1,2000.0,false,protein,1,14,10.0,1000,10,1.32911,0.25,904.05,0.00110613,0.00521927
1031,1032,hypercube,1,2000.0,false,protein,1,14,10.0,1000,12,1.32911,0.25,859.316,0.00116372,0.00526824
1032,1033,hypercube,1,2000.0,false,protein,1,14,10.0,1000,14,1.32911,0.25,900.84,0.00111008,0.00516649
1033,1034,hypercube,1,2000.0,false,protein,1,14,10.0,1000,16,1.32911,0.25,879.404,0.00113713,0.00526872
1034,1035,hypercube,1,2000.0,false,protein,1,14,10.0,1000,18,1.32911,0.25,888.606,0.00112536,0.005167
1035,1036,hypercube,1,2000.0,false,protein,1,14,10.0,10000,2,1.01186,0.25,529.077,0.00189008,0.00518299
1036,1037,hypercube,1,2000.0,false,protein,1,14,10.0,10000,4,1.00569,0.25,324.765,0.00307915,0.00541262
1037,1038,hypercube,1,2000.0,false,protein,1,14,10.0,10000,6,1.00569,0.25,313.172,0.00319313,0.00520145
1038,1039,hypercube,1,2000.0,false,protein,1,14,10.0,10000,8,1.00569,0.25,287.296,0.00348073,0.00510703
1039,1040,hypercube,1,2000.0,false,protein,1,14,10.0,10000,10,1.00569,0.25,270.704,0.00369407,0.00515319
1040,1041,hypercube,1,2000.0,false,protein,1,14,10.0,10000,12,1.00569,0.25,268.263,0.00372769,0.00524022
1041,1042,hypercube,1,2000.0,false,protein,1,14,10.0,10000,14,1.00569,0.25,253.356,0.00394701,0.00534773
1042,1043,hypercube,1,2000.0,false,protein,1,14,10.0,10000,16,1.00569,0.25,265.687,0.00376383,0.00518881
1043,1044,hypercube,1,2000.0,false,protein,1,14,10.0,10000,18,1.00569,0.25,269.248,0.00371405,0.00521096
1044,1045,hypercube,1,2000.0,false,protein,1,14,12.0,10,2,2.06723,0.0,93676.8,1.0675,0.00525712
1045,1046,hypercube,1,2000.0,false,protein,1,14,12.0,10,4,2.06723,0.0,12354.6,8.09417,0.00527363
1046,1047,hypercube,1,2000.0,false,protein,1,14,12.0,10,6,2.06723,0.0,3208.9,0.000311633,0.00520268
1047,1048,hypercube,1,2000.0,false,protein,1,14,12.0,10,8,2.06723,0.0,1657.73,0.000603233,0.00529009
1048,1049,hypercube,1,2000.0,false,protein,1,14,12.0,10,10,2.06723,0.0,1351.29,0.000740033,0.00521181
1049,1050,hypercube,1,2000.0,false,protein,1,14,12.0,10,12,2.06723,0.0,1310.26,0.000763208,0.00532528
1050,1051,hypercube,1,2000.0,false,protein,1,14,12.0,10,14,2.06723,0.0,1305.01,0.000766275,0.00523657
1051,1052,hypercube,1,2000.0,false,protein,1,14,12.0,10,16,2.06723,0.0,1269.96,0.000787425,0.00534043
1052,1053,hypercube,1,2000.0,false,protein,1,14,12.0,10,18,2.06723,0.0,1265.76,0.000790042,0.00541172
1053,1054,hypercube,1,2000.0,false,protein,1,14,12.0,100,2,1.45337,0.166667,20565.6,4.8625,0.00527842
1054,1055,hypercube,1,2000.0,false,protein,1,14,12.0,100,4,1.45337,0.166667,8564.09,0.000116767,0.00527027
1055,1056,hypercube,1,2000.0,false,protein,1,14,12.0,100,6,1.45337,0.166667,2741.04,0.000364825,0.00539839
1056,1057,hypercube,1,2000.0,false,protein,1,14,12.0,100,8,1.45337,0.166667,1588.48,0.000629533,0.00521723
1057,1058,hypercube,1,2000.0,false,protein,1,14,12.0,100,10,1.45337,0.166667,1267.31,0.000789075,0.00531185
1058,1059,hypercube,1,2000.0,false,protein,1,14,12.0,100,12,1.45337,0.166667,1269.61,0.000787642,0.00518967
1059,1060,hypercube,1,2000.0,false,protein,1,14,12.0,100,14,1.45337,0.166667,1206.18,0.000829067,0.00527986
1060,1061,hypercube,1,2000.0,false,protein,1,14,12.0,100,16,1.45337,0.166667,1244.81,0.000803333,0.00523548
1061,1062,hypercube,1,2000.0,false,protein,1,14,12.0,100,18,1.45337,0.166667,1224.69,0.000816533,0.00526095
1062,1063,hypercube,1,2000.0,false,protein,1,14,12.0,1000,2,1.21444,0.166667,2633.14,0.000379775,0.00529646
1063,1064,hypercube,1,2000.0,false,protein,1,14,12.0,1000,4,1.21444,0.166667,2370.37,0.000421875,0.00534405
1064,1065,hypercube,1,2000.0,false,protein,1,14,12.0,1000,6,1.21444,0.166667,1517.22,0.0006591,0.00525286
1065,1066,hypercube,1,2000.0,false,protein,1,14,12.0,1000,8,1.21444,0.166667,1072.25,0.000932617,0.0051547
1066,1067,hypercube,1,2000.0,false,protein,1,14,12.0,1000,10,1.21444,0.166667,920.097,0.00108684,0.00528601
1067,1068,hypercube,1,2000.0,false,protein,1,14,12.0,1000,12,1.21444,0.166667,883.581,0.00113176,0.00524608
1068,1069,hypercube,1,2000.0,false,protein,1,14,12.0,1000,14,1.21444,0.166667,856.916,0.00116698,0.00540313
1069,1070,hypercube,1,2000.0,false,protein,1,14,12.0,1000,16,1.21444,0.166667,835.23,0.00119728,0.00554863
1070,1071,hypercube,1,2000.0,false,protein,1,14,12.0,1000,18,1.21444,0.166667,873.604,0.00114468,0.00532531
1071,1072,hypercube,1,2000.0,false,protein,1,14,12.0,10000,2,1.06981,0.25,387.017,0.00258387,0.00512583
1072,1073,hypercube,1,2000.0,false,protein,1,14,12.0,10000,4,1.06981,0.25,341.925,0.00292462,0.00513513
1073,1074,hypercube,1,2000.0,false,protein,1,14,12.0,10000,6,1.06981,0.25,323.818,0.00308816,0.00518076
1074,1075,hypercube,1,2000.0,false,protein,1,14,12.0,10000,8,1.06981,0.25,289.303,0.00345658,0.00525275
1075,1076,hypercube,1,2000.0,false,protein,1,14,12.0,10000,10,1.06981,0.25,275.855,0.00362509,0.00522547
1076,1077,hypercube,1,2000.0,false,protein,1,14,12.0,10000,12,1.06981,0.25,274.048,0.00364899,0.00528446
1077,1078,hypercube,1,2000.0,false,protein,1,14,12.0,10000,14,1.06981,0.25,276.339,0.00361875,0.00506928
1078,1079,hypercube,1,2000.0,false,protein,1,14,12.0,10000,16,1.06981,0.25,270.63,0.00369508,0.00532507
1079,1080,hypercube,1,2000.0,false,protein,1,14,12.0,10000,18,1.06981,0.25,275.016,0.00363616,0.00515066
1080,1081,hypercube,1,2000.0,false,protein,1,14,15.0,10,2,2.14234,0.0,93603.7,1.06833,0.00530127
1081,1082,hypercube,1,2000.0,false,protein,1,14,15.0,10,4,2.14234,0.0,12966.0,7.7125,0.00533783
1082,1083,hypercube,1,2000.0,false,protein,1,14,15.0,10,6,2.14234,0.0,3157.06,0.00031675,0.00542575
1083,1084,hypercube,1,2000.0,false,protein,1,14,15.0,10,8,2.14234,0.0,1665.05,0.000600583,0.00540612
1084,1085,hypercube,1,2000.0,false,protein,1,14,15.0,10,10,2.14234,0.0,1302.46,0.000767775,0.00531424
1085,1086,hypercube,1,2000.0,false,protein,1,14,15.0,10,12,2.14234,0.0,1197.62,0.000834992,0.00530061
1086,1087,hypercube,1,2000.0,false,protein,1,14,15.0,10,14,2.14234,0.0,1305.88,0.000765767,0.00522278
1087,1088,hypercube,1,2000.0,false,protein,1,14,15.0,10,16,2.14234,0.0,1246.27,0.000802392,0.00539991
1088,1089,hypercube,1,2000.0,false,protein,1,14,15.0,10,18,2.14234,0.0,1221.97,0.00081835,0.00558046
1089,1090,hypercube,1,2000.0,false,protein,1,14,15.0,100,2,1.52637,0.166667,20968.0,4.76917,0.00543447
1090,1091,hypercube,1,2000.0,false,protein,1,14,15.0,100,4,1.52637,0.166667,9113.0,0.000109733,0.00528859
1091,1092,hypercube,1,2000.0,false,protein,1,14,15.0,100,6,1.52637,0.166667,2962.82,0.000337517,0.00523516
1092,1093,hypercube,1,2000.0,false,protein,1,14,15.0,100,8,1.52637,0.166667,1559.51,0.000641225,0.00526366
1093,1094,hypercube,1,2000.0,false,protein,1,14,15.0,100,10,1.52637,0.166667,1278.77,0.000782,0.00524761
1094,1095,hypercube,1,2000.0,false,protein,1,14,15.0,100,12,1.52637,0.166667,1222.12,0.00081825,0.00542568
1095,1096,hypercube,1,2000.0,false,protein,1,14,15.0,100,14,1.52637,0.166667,1242.49,0.000804833,0.00515478
1096,1097,hypercube,1,2000.0,false,protein,1,14,15.0,100,16,1.52637,0.166667,1186.77,0.000842625,0.00528334
1097,1098,hypercube,1,2000.0,false,protein,1,14,15.0,100,18,1.52637,0.166667,1192.01,0.000838917,0.00522781
1098,1099,hypercube,1,2000.0,false,protein,1,14,15.0,1000,2,1.30076,0.166667,2912.76,0.000343317,0.00526489
1099,1100,hypercube,1,2000.0,false,protein,1,14,15.0,1000,4,1.30076,0.166667,2452.18,0.0004078,0.00531579
1100,1101,hypercube,1,2000.0,false,protein,1,14,15.0,1000,6,1.30076,0.166667,1564.37,0.000639233,0.00538667
1101,1102,hypercube,1,2000.0,false,protein,1,14,15.0,1000,8,1.30076,0.166667,1086.61,0.000920292,0.00520362
1102,1103,hypercube,1,2000.0,false,protein,1,14,15.0,1000,10,1.30076,0.166667,917.866,0.00108948,0.00529551
1103,1104,hypercube,1,2000.0,false,protein,1,14,15.0,1000,12,1.30076,0.166667,906.372,0.0011033,0.00512951
1104,1105,hypercube,1,2000.0,false,protein,1,14,15.0,1000,14,1.30076,0.166667,910.284,0.00109856,0.00524697
1105,1106,hypercube,1,2000.0,false,protein,1,14,15.0,1000,16,1.30076,0.166667,919.681,0.00108733,0.0052387
1106,1107,hypercube,1,2000.0,false,protein,1,14,15.0,1000,18,1.30076,0.166667,877.706,0.00113933,0.00525343
1107,1108,hypercube,1,2000.0,false,protein,1,14,15.0,10000,2,1.05118,0.333333,356.532,0.0028048,0.00523721
1108,1109,hypercube,1,2000.0,false,protein,1,14,15.0,10000,4,1.05118,0.333333,342.181,0.00292243,0.0052097
1109,1110,hypercube,1,2000.0,false,protein,1,14,15.0,10000,6,1.05118,0.333333,313.999,0.00318473,0.00524598
1110,1111,hypercube,1,2000.0,false,protein,1,14,15.0,10000,8,1.05118,0.333333,291.506,0.00343047,0.00518212
1111,1112,hypercube,1,2000.0,false,protein,1,14,15.0,10000,10,1.05118,0.333333,286.862,0.003486,0.00519613
1112,1113,hypercube,1,2000.0,false,protein,1,14,15.0,10000,12,1.05118,0.333333,282.296,0.00354238,0.00530257
1113,1114,hypercube,1,2000.0,false,protein,1,14,15.0,10000,14,1.05118,0.333333,279.046,0.00358363,0.00516332
1114,1115,hypercube,1,2000.0,false,protein,1,14,15.0,10000,16,1.05118,0.333333,276.755,0.0036133,0.00524363
1115,1116,hypercube,1,2000.0,false,protein,1,14,15.0,10000,18,1.05118,0.333333,278.0,0.00359712,0.00539164
1116,1117,hypercube,1,2000.0,false,protein,1,14,20.0,10,2,2.22514,0.0,84805.7,1.17917,0.00545451
1117,1118,hypercube,1,2000.0,false,protein,1,14,20.0,10,4,2.22514,0.0,13070.5,7.65083,0.00537402
1118,1119,hypercube,1,2000.0,false,protein,1,14,20.0,10,6,2.22514,0.0,3210.87,0.000311442,0.00526451
1119,1120,hypercube,1,2000.0,false,protein,1,14,20.0,10,8,2.22514,0.0,1606.64,0.000622417,0.00549557
1120,1121,hypercube,1,2000.0,false,protein,1,14,20.0,10,10,2.22514,0.0,1337.94,0.000747417,0.00534963
1121,1122,hypercube,1,2000.0,false,protein,1,14,20.0,10,12,2.22514,0.0,1296.37,0.000771383,0.00530194
1122,1123,hypercube,1,2000.0,false,protein,1,14,20.0,10,14,2.22514,0.0,1326.11,0.000754083,0.00523764
1123,1124,hypercube,1,2000.0,false,protein,1,14,20.0,10,16,2.22514,0.0,1245.96,0.000802592,0.00536833
1124,1125,hypercube,1,2000.0,false,protein,1,14,20.0,10,18,2.22514,0.0,1271.21,0.00078665,0.00524356
1125,1126,hypercube,1,2000.0,false,protein,1,14,20.0,100,2,1.59474,0.0833333,23112.5,4.32667,0.00533241
1126,1127,hypercube,1,2000.0,false,protein,1,14,20.0,100,4,1.59474,0.0833333,9363.3,0.0001068,0.00519138
1127,1128,hypercube,1,2000.0,false,protein,1,14,20.0,100,6,1.59474,0.0833333,2943.34,0.00033975,0.00529409
1128,1129,hypercube,1,2000.0,false,protein,1,14,20.0,100,8,1.59474,0.0833333,1601.41,0.00062445,0.00529769
1129,1130,hypercube,1,2000.0,false,protein,1,14,20.0,100,10,1.59474,0.0833333,1310.93,0.000762817,0.00529918
1130,1131,hypercube,1,2000.0,false,protein,1,14,20.0,100,12,1.59474,0.0833333,1257.04,0.000795517,0.00527294
1131,1132,hypercube,1,2000.0,false,protein,1,14,20.0,100,14,1.59474,0.0833333,1257.24,0.000795392,0.00530503
1132,1133,hypercube,1,2000.0,false,protein,1,14,20.0,100,16,1.59474,0.0833333,1237.24,0.00080825,0.00530389
1133,1134,hypercube,1,2000.0,false,protein,1,14,20.0,100,18,1.59474,0.0833333,1238.59,0.000807367,0.0053261
1134,1135,hypercube,1,2000.0,false,protein,1,14,20.0,1000,2,1.26199,0.0833333,3178.98,0.000314567,0.00520485
1135,1136,hypercube,1,2000.0,false,protein,1,14,20.0,1000,4,1.26199,0.0833333,2534.05,0.000394625,0.00527035
1136,1137,hypercube,1,2000.0,false,protein,1,14,20.0,1000,6,1.26199,0.0833333,1642.51,0.000608825,0.00522484
1137,1138,hypercube,1,2000.0,false,protein,1,14,20.0,1000,8,1.26199,0.0833333,1093.67,0.00091435,0.00529281
1138,1139,hypercube,1,2000.0,false,protein,1,14,20.0,1000,10,1.26199,0.0833333,947.845,0.00105502,0.00516783
1139,1140,hypercube,1,2000.0,false,protein,1,14,20.0,1000,12,1.26199,0.0833333,908.155,0.00110113,0.00538619
1140,1141,hypercube,1,2000.0,false,protein,1,14,20.0,1000,14,1.26199,0.0833333,919.463,0.00108759,0.00519987
1141,1142,hypercube,1,2000.0,false,protein,1,14,20.0,1000,16,1.26199,0.0833333,907.75,0.00110162,0.00525983
1142,1143,hypercube,1,2000.0,false,protein,1,14,20.0,1000,18,1.26199,0.0833333,857.467,0.00116622,0.00555847
1143,1144,hypercube,1,2000.0,false,protein,1,14,20.0,10000,2,1.10391,0.166667,362.413,0.00275928,0.00523083
1144,1145,hypercube,1,2000.0,false,protein,1,14,20.0,10000,4,1.10391,0.166667,359.038,0.00278522,0.00520019
1145,1146,hypercube,1,2000.0,false,protein,1,14,20.0,10000,6,1.10391,0.166667,336.613,0.00297078,0.00507434
1146,1147,hypercube,1,2000.0,false,protein,1,14,20.0,10000,8,1.10391,0.166667,299.752,0.00333609,0.00515556
1147,1148,hypercube,1,2000.0,false,protein,1,14,20.0,10000,10,1.10391,0.166667,282.106,0.00354477,0.00530765
1148,1149,hypercube,1,2000.0,false,protein,1,14,20.0,10000,12,1.10391,0.166667,282.214,0.00354341,0.00519965
1149,1150,hypercube,1,2000.0,false,protein,1,14,20.0,10000,14,1.10391,0.166667,285.261,0.00350556,0.00518683
1150,1151,hypercube,1,2000.0,false,protein,1,14,20.0,10000,16,1.10391,0.166667,286.74,0.00348748,0.00519274
1151,1152,hypercube,1,2000.0,false,protein,1,14,20.0,10000,18,1.10391,0.166667,278.371,0.00359233,0.00511367
